Tail_Number,Aircraft_ID
N605LR,1
N331PQ,2
N906XJ,3
N337PQ,4
N336PQ,5
N311PQ,6
N917XJ,7
N491PX,8
N478PX,9
N135EV,10
N197PQ,11
N915XJ,12
N920XJ,13
N916XJ,14
N902XJ,15
N691CA,16
N904XJ,17
N310PQ,18
N182GJ,19
N490PX,20
N134EV,21
N919XJ,22
N485PX,23
N181GJ,24
N937XJ,25
N604LR,26
N371CA,27
N324PQ,28
N316PQ,29
N907XJ,30
N186PQ,31
N601LR,32
N292PQ,33
N279PQ,34
N606LR,35
N295PQ,36
N313PQ,37
N146PQ,38
N923XJ,39
N314PQ,40
N136EV,41
N166PQ,42
N905XJ,43
N602LR,44
N304PQ,45
N301PQ,46
N305PQ,47
N272PQ,48
N330PQ,49
N538CA,50
N678CA,51
N341PQ,52
N296PQ,53
N133EV,54
N176PQ,55
N303PQ,56
N183GJ,57
N137EV,58
N138EV,59
N302PQ,60
N925XJ,61
N936XJ,62
N228PQ,63
N335PQ,64
N913XJ,65
N232PQ,66
N600LR,67
N195PQ,68
N181PQ,69
N931XJ,70
N908XJ,71
N309PQ,72
N910XJ,73
N348PQ,74
N932XJ,75
N935XJ,76
N921XJ,77
N200PQ,78
N695CA,79
N319PQ,80
N329PQ,81
N607LR,82
N320PQ,83
N326PQ,84
N298PQ,85
N325PQ,86
N927XJ,87
N132EV,88
N294PQ,89
N315PQ,90
N8877A,91
N835AY,92
N8970D,93
N8968E,94
N926XJ,95
N601XJ,96
N676CA,97
N308PQ,98
N340CA,99
N367CA,100
N368CA,101
N300PQ,102
N655CA,103
N376CA,104
N306PQ,105
N184GJ,106
N933XJ,107
N914XJ,108
N582CA,109
N131EV,110
N929XJ,111
N299PQ,112
N391CA,113
N390CA,114
N930XJ,115
N922XJ,116
N480PX,117
N479PX,118
N187GJ,119
N297PQ,120
N901XJ,121
N928XJ,122
N354CA,123
N293PQ,124
N918XJ,125
N153PQ,126
N307PQ,127
N349PQ,128
N924EV,129
N833AY,130
N8976E,131
N8933B,132
N602XJ,133
N903XJ,134
N398CA,135
N8974C,136
N836AY,137
N8928A,138
N834AY,139
N8986B,140
N8946A,141
N8903A,142
N8918B,143
N8837B,144
N8965E,145
N482PX,146
N147PQ,147
N800AY,148
N8932C,149
N909XJ,150
N110AN,151
N108NN,152
N105NN,153
N117AN,154
N101NN,155
N111ZM,156
N106NN,157
N113AN,158
N112AN,159
N107NN,160
N116AN,161
N115NN,162
N103NN,163
N104NN,164
N102NN,165
N109NN,166
N758AN,167
N790AN,168
N799AN,169
N791AN,170
N786AN,171
N771AN,172
N777AN,173
N781AN,174
N756AM,175
N757AN,176
N798AN,177
N762AN,178
N789AN,179
N775AN,180
N770AN,181
N773AN,182
N827AN,183
N829AN,184
N841AN,185
N830AN,186
N832AA,187
N835AN,188
N783AN,189
N767AJ,190
N458AL,191
N407AN,192
N464AA,193
N417AN,194
N451AN,195
N426AN,196
N403AN,197
N422AN,198
N408AN,199
N457AM,200
N441UW,201
N438AN,202
N437AN,203
N461AN,204
N436AN,205
N443AA,206
N462AA,207
N414AL,208
N452AN,209
N456AN,210
N404AN,211
N419AN,212
N411AN,213
N410AN,214
N447AN,215
N423AN,216
N449AN,217
N433AN,218
N454AL,219
N401AN,220
N409AA,221
N405AN,222
N400AN,223
N406AN,224
N445AA,225
N453AA,226
N463AA,227
N427AN,228
N430AN,229
N434AN,230
N421UW,231
N435AN,232
N428AA,233
N440AN,234
N402AN,235
N448AN,236
N413AN,237
N429AN,238
N415AN,239
N442AN,240
N460AN,241
N465AN,242
N450AN,243
N831AA,244
N828AA,245
N838AA,246
N825AA,247
N820AL,248
N839AA,249
N822AN,250
N836AA,251
N821AN,252
N823AN,253
N800AN,254
N805AN,255
N840AN,256
N815AA,257
N833AA,258
N814AA,259
N834AA,260
N412UW,261
N432AN,262
N439AN,263
N916AN,264
N955NN,265
N580UW,266
N557UW,267
N156UW,268
N508AY,269
N165US,270
N978UY,271
N573UW,272
N524UW,273
N579UW,274
N416AN,275
N444UW,276
N459AN,277
N424AN,278
N930NN,279
N705UW,280
N9013A,281
N90024,282
N9017P,283
N128AN,284
N159AN,285
N123NN,286
N992AU,287
N519UW,288
N966AN,289
N954AN,290
N922NN,291
N940NN,292
N925AN,293
N901AN,294
N842NN,295
N876NN,296
N418AN,297
N455AN,298
N315PE,299
N654AW,300
N651AW,301
N604AW,302
N652AW,303
N950NN,304
N112US,305
N649AW,306
N146AA,307
N843NN,308
N538UW,309
N553UW,310
N542UW,311
N118NN,312
N172US,313
N575UW,314
N138AN,315
N545UW,316
N195UW,317
N163AA,318
N193UW,319
N587UW,320
N918NN,321
N420AN,322
N425AN,323
N764US,324
N939AN,325
N925NN,326
N964AN,327
N859NN,328
N546UW,329
N804NN,330
N951NN,331
N981NN,332
N862NN,333
N815NN,334
N814NN,335
N915NN,336
N165NN,337
N150NN,338
N156AN,339
N934AA,340
N987AM,341
N874NN,342
N901AA,343
N986AN,344
N160AN,345
N904AA,346
N163US,347
N972UY,348
N993AN,349
N119NN,350
N991AU,351
N931AM,352
N139AN,353
N157UW,354
N122NN,355
N932AM,356
N908AA,357
N135NN,358
N148AN,359
N167AN,360
N965AN,361
N941AN,362
N980NN,363
N907AN,364
N323SG,365
N868NN,366
N948NN,367
N989NN,368
N337PJ,369
N915AN,370
N316PF,371
N949AN,372
N887NN,373
N810NN,374
N846NN,375
N904AN,376
N861NN,377
N939NN,378
N998NN,379
N820NN,380
N880NN,381
N822NN,382
N882NN,383
N808NN,384
N968AN,385
N816NN,386
N976AN,387
N768AA,388
N680AW,389
N656AW,390
N665AW,391
N660AW,392
N679AW,393
N128UW,394
N663AW,395
N126UW,396
N111US,397
N104UW,398
N117UW,399
N122US,400
N121UW,401
N673AW,402
N659AW,403
N124US,404
N123UW,405
N749US,406
N754UW,407
N758US,408
N105UW,409
N747UW,410
N831AW,411
N766US,412
N801AW,413
N808AW,414
N821AW,415
N744P,416
N767UW,417
N828AW,418
N753US,419
N583UW,420
N772XF,421
N769US,422
N818AW,423
N177XF,424
N730US,425
N712US,426
N738US,427
N755US,428
N431AN,429
N751UW,430
N824AW,431
N746UW,432
N832AW,433
N815AW,434
N823AW,435
N776XF,436
N647AW,437
N813AW,438
N771XF,439
N768US,440
N820AW,441
N752US,442
N806AW,443
N357PV,444
N956AN,445
N913NN,446
N800NN,447
N983AN,448
N809NN,449
N955AN,450
N826NN,451
N832NN,452
N976NN,453
N851NN,454
N304RB,455
N855NN,456
N845NN,457
N959AN,458
N920NN,459
N326SJ,460
N977NN,461
N732US,462
N825NN,463
N905NN,464
N996NN,465
N811NN,466
N328RR,467
N837NN,468
N988AL,469
N909NN,470
N875NN,471
N971AN,472
N960AN,473
N990AN,474
N316SE,475
N803NN,476
N338ST,477
N342RX,478
N343RY,479
N306RC,480
N318SF,481
N316RK,482
N315SD,483
N315RJ,484
N314RH,485
N339SU,486
N341RW,487
N838NN,488
N324RN,489
N378SC,490
N895NN,491
N908NN,492
N958AN,493
N869NN,494
N944NN,495
N910NN,496
N824NN,497
N108UW,498
N107US,499
N125UW,500
N661AW,501
N669AW,502
N118US,503
N114UW,504
N103US,505
N653AW,506
N668AW,507
N507AY,508
N549UW,509
N196UW,510
N509AY,511
N543UW,512
N567UW,513
N568UW,514
N177US,515
N198UW,516
N197UW,517
N581UW,518
N167US,519
N537UW,520
N920US,521
N582UW,522
N189UW,523
N973UY,524
N539UW,525
N121AN,526
N763US,527
N805AW,528
N873BB,529
N817AN,530
N871AY,531
N806AA,532
N804AN,533
N872AN,534
N876AL,535
N877BF,536
N879BH,537
N880BJ,538
N826AN,539
N809AA,540
N802AN,541
N870AX,542
N759AN,543
N792AN,544
N793AN,545
N760AN,546
N754AN,547
N797AN,548
N787AL,549
N788AN,550
N774AN,551
N765AN,552
N794AN,553
N795AN,554
N755AN,555
N766AN,556
N785AN,557
N667AW,558
N658AW,559
N3014R,560
N903NN,561
N821NN,562
N953AN,563
N892NN,564
N890NN,565
N339PL,566
N806NN,567
N935AN,568
N847NN,569
N346PR,570
N991NN,571
N833NN,572
N827NN,573
N834NN,574
N881NN,575
N937AN,576
N354PT,577
N960NN,578
N919NN,579
N957AN,580
N878NN,581
N991AN,582
N844NN,583
N314PD,584
N896NN,585
N969NN,586
N885NN,587
N924AN,588
N932NN,589
N897NN,590
N335PH,591
N350RV,592
N327SK,593
N324SH,594
N303RG,595
N803AW,596
N756US,597
N834AW,598
N835AW,599
N825AW,600
N762US,601
N830AW,602
N721UW,603
N740UW,604
N839AW,605
N171US,606
N329SL,607
N933NN,608
N886NN,609
N902AN,610
N995NN,611
N967AN,612
N942NN,613
N871NN,614
N923NN,615
N983NN,616
N819NN,617
N951AA,618
N899NN,619
N969AN,620
N928NN,621
N982NN,622
N982AN,623
N962NN,624
N989AN,625
N338RS,626
N893NN,627
N950AN,628
N891NN,629
N961AN,630
N872NN,631
N941NN,632
N801NN,633
N864NN,634
N923AN,635
N856NN,636
N979NN,637
N921NN,638
N912NN,639
N971NN,640
N867NN,641
N947NN,642
N848NN,643
N359PX,644
N926NN,645
N973NN,646
N884NN,647
N946AN,648
N917AN,649
N929AN,650
N929NN,651
N858NN,652
N836NN,653
N466AN,654
N157AA,655
N153AN,656
N773XF,657
N838AW,658
N778XF,659
N722US,660
N829AW,661
N708UW,662
N770UW,663
N827AW,664
N760US,665
N819AW,666
N774XF,667
N745VJ,668
N338PK,669
N352PS,670
N927AN,671
N978NN,672
N850NN,673
N904NN,674
N945AN,675
N956NN,676
N180US,677
N151AN,678
N576UW,679
N916US,680
N925UY,681
N183UW,682
N979UY,683
N914NN,684
N355PU,685
N958NN,686
N946NN,687
N970NN,688
N818NN,689
N942AN,690
N986NN,691
N979AN,692
N993NN,693
N987AN,694
N889NN,695
N830NN,696
N957NN,697
N898NN,698
N802NN,699
N949NN,700
N967NN,701
N963NN,702
N962AN,703
N984NN,704
N965NN,705
N841NN,706
N317PG,707
N985NN,708
N917NN,709
N988NN,710
N839NN,711
N945NN,712
N970AN,713
N358PW,714
N709UW,715
N147AA,716
N711UW,717
N710UW,718
N807AW,719
N948AN,720
N924NN,721
N932AN,722
N987NN,723
N200NV,724
N934AN,725
N829NN,726
N938NN,727
N959NN,728
N860NN,729
N813NN,730
N775XF,731
N826AW,732
N723UW,733
N812AW,734
N804AW,735
N822AW,736
N943NN,737
N963AN,738
N894NN,739
N931AN,740
N835NN,741
N873NN,742
N572UW,743
N921US,744
N185UW,745
N181UW,746
N559UW,747
N563UW,748
N169UW,749
N199UW,750
N918US,751
N917UY,752
N161UW,753
N173US,754
N510UW,755
N170US,756
N926UW,757
N544UW,758
N971UY,759
N980UY,760
N992AN,761
N931NN,762
N857NN,763
N831NN,764
N853NN,765
N805NN,766
N807NN,767
N996AN,768
N132AN,769
N192UW,770
N124AA,771
N133AN,772
N126AN,773
N903AA,774
N145AN,775
N136AN,776
N909AM,777
N928AM,778
N144AN,779
N166NN,780
N125AA,781
N140AN,782
N120EE,783
N989AU,784
N141NN,785
N930AU,786
N717UW,787
N816AW,788
N879NN,789
N149AN,790
N952AA,791
N301NW,792
N961NN,793
N309PC,794
N966NN,795
N952NN,796
N994NN,797
N997NN,798
N9023N,799
N70020,800
N9004F,801
N906AN,802
N854NN,803
N734AR,804
N776AN,805
N750AN,806
N922US,807
N912UY,808
N176UW,809
N142AN,810
N179UW,811
N974UY,812
N152UW,813
N981UY,814
N976UY,815
N184US,816
N741UW,817
N702UW,818
N700UW,819
N930AN,820
N823NN,821
N921AN,822
N852NN,823
N936NN,824
N953NN,825
N974AN,826
N343PN,827
N944AN,828
N849NN,829
N943AN,830
N973AN,831
N980AN,832
N936AN,833
N975AN,834
N907NN,835
N972NN,836
N992NN,837
N326RP,838
N918AN,839
N306NY,840
N824AN,841
N819AN,842
N818AL,843
N807AA,844
N801AC,845
N878BG,846
N874AN,847
N813AN,848
N810AN,849
N884AA,850
N808AN,851
N837AW,852
N836AW,853
N802AW,854
N154AA,855
N817AW,856
N305NX,857
N870NN,858
N934NN,859
N865NN,860
N940AN,861
N817NN,862
N742PS,863
N765US,864
N840AW,865
N757UW,866
N701UW,867
N191UW,868
N714US,869
N814AW,870
N748UW,871
N733UW,872
N840NN,873
N990NN,874
N933AM,875
N127AA,876
N919US,877
N164NN,878
N914UY,879
N586UW,880
N560UW,881
N883NN,882
N981AN,883
N601AW,884
N119US,885
N110UW,886
N127UW,887
N833AW,888
N977UY,889
N968NN,890
N863NN,891
N8030F,892
N12028,893
N8001N,894
N9006,895
N935NN,896
N947AN,897
N664AW,898
N704US,899
N906AA,900
N130AN,901
N902AA,902
N152AA,903
N997AA,904
N129AA,905
N131NN,906
N703UW,907
N306SP,908
N724UW,909
N8027D,910
N446AN,911
N737US,912
N178US,913
N650AW,914
N954NN,915
N916NN,916
N9022G,917
N102UW,918
N927NN,919
N4005X,920
N9019F,921
N534UW,922
N9025B,923
N9012,924
N190UW,925
N154UW,926
N561UW,927
N186US,928
N982VJ,929
N556UW,930
N975UY,931
N558UW,932
N900UW,933
N907AA,934
N188US,935
N924US,936
N927UW,937
N662AW,938
N9010R,939
N906NN,940
N938AN,941
N174US,942
N915US,943
N523UW,944
N929AA,945
N161AA,946
N990AU,947
N995AN,948
N137AA,949
N551UW,950
N552UW,951
N155UW,952
N578UW,953
N562UW,954
N972AN,955
N937NN,956
N93003,957
N9021H,958
N9026C,959
N521UW,960
N310RF,961
N336SR,962
N303RE,963
N336RU,964
N308RD,965
N302SA,966
N761AJ,967
N780AN,968
N923US,969
N970UY,970
N182UW,971
N155NN,972
N151UW,973
N540UW,974
N913US,975
N344PP,976
N342PM,977
N901NN,978
N902NN,979
N585UW,980
N162AA,981
N150UW,982
N584UW,983
N153UW,984
N772AN,985
N784AN,986
N778AN,987
N194UW,988
N877NN,989
N187US,990
N536UW,991
N812NN,992
N134AN,993
N905AU,994
N910AU,995
N158AN,996
N722AN,997
N717AN,998
N719AN,999
N729AN,1000
N724AN,1001
N735AT,1002
N733AR,1003
N323RM,1004
N335RT,1005
N535UW,1006
N162UW,1007
N866NN,1008
N4032T,1009
N5007E,1010
N8009T,1011
N9016,1012
N9011P,1013
N812AA,1014
N816AA,1015
N554UW,1016
N302SS,1017
N750UW,1018
N657AW,1019
N727AN,1020
N718AN,1021
N731AN,1022
N732AN,1023
N720AN,1024
N730AN,1025
N726AN,1026
N725UW,1027
N109UW,1028
N9015D,1029
N9002U,1030
N9029F,1031
N9008U,1032
N8031M,1033
N994AN,1034
N803AL,1035
N964NN,1036
N9018E,1037
N811AB,1038
N725AN,1039
N736AT,1040
N728AN,1041
N143AN,1042
N335SN,1043
N313SB,1044
N306SW,1045
N306PB,1046
N324RA,1047
N341SV,1048
N321RL,1049
N998AN,1050
N334SM,1051
N875BD,1052
N753AN,1053
N881BK,1054
N837AN,1055
N782AN,1056
N518AS,1057
N525AS,1058
N513AS,1059
N569AS,1060
N952AK,1061
N973AK,1062
N516AS,1063
N472AS,1064
N270AK,1065
N977AK,1066
N562AS,1067
N923VA,1068
N971AK,1069
N556AS,1070
N979AK,1071
N248AK,1072
N431AS,1073
N949AK,1074
N277AK,1075
N294AK,1076
N477AS,1077
N915AK,1078
N855VA,1079
N519AS,1080
N618AS,1081
N483AS,1082
N408AS,1083
N461AS,1084
N587AS,1085
N419AS,1086
N267AK,1087
N442AS,1088
N478AS,1089
N938AK,1090
N913AK,1091
N215AK,1092
N481AS,1093
N281AK,1094
N272AK,1095
N560AS,1096
N934AK,1097
N434AS,1098
N265AK,1099
N469AS,1100
N538AS,1101
N929AK,1102
N566AS,1103
N946AK,1104
N846VA,1105
N274AK,1106
N282AK,1107
N942AK,1108
N293AK,1109
N933AK,1110
N323AS,1111
N568AS,1112
N622AS,1113
N937AK,1114
N298AK,1115
N278AK,1116
N268AK,1117
N644AS,1118
N931AK,1119
N588AS,1120
N551AS,1121
N930VA,1122
N291BT,1123
N224AK,1124
N251AK,1125
N642VA,1126
N283AK,1127
N921AK,1128
N238AK,1129
N926VA,1130
N275AK,1131
N924VA,1132
N929VA,1133
N237AK,1134
N584AS,1135
N253AK,1136
N467AS,1137
N925VA,1138
N266AK,1139
N448AS,1140
N557AS,1141
N849VA,1142
N594AS,1143
N590AS,1144
N570AS,1145
N926AK,1146
N307AS,1147
N920AK,1148
N290AK,1149
N847VA,1150
N318AS,1151
N402AS,1152
N932AK,1153
N530AS,1154
N597AS,1155
N579AS,1156
N288AK,1157
N303AS,1158
N976AK,1159
N974AK,1160
N922VA,1161
N553AS,1162
N928AK,1163
N468AS,1164
N612AS,1165
N520AS,1166
N514AS,1167
N264AK,1168
N319AS,1169
N533AS,1170
N479AS,1171
N953AK,1172
N596AS,1173
N214AK,1174
N296AK,1175
N453AS,1176
N589AS,1177
N495AS,1178
N508AS,1179
N492AS,1180
N948AK,1181
N919AK,1182
N529AS,1183
N592AS,1184
N536AS,1185
N526AS,1186
N585AS,1187
N486AS,1188
N630VA,1189
N586AS,1190
N306AS,1191
N407AS,1192
N935AK,1193
N918AK,1194
N558AS,1195
N409AS,1196
N413AS,1197
N280AK,1198
N263AK,1199
N297AK,1200
N927VA,1201
N921VA,1202
N457AS,1203
N583AS,1204
N523AS,1205
N548AS,1206
N577AS,1207
N247AK,1208
N943AK,1209
N629VA,1210
N559AS,1211
N309AS,1212
N423AS,1213
N471AS,1214
N936AK,1215
N260AK,1216
N292AK,1217
N302AS,1218
N305AS,1219
N236AK,1220
N842VA,1221
N459AS,1222
N534AS,1223
N315AS,1224
N941AK,1225
N474AS,1226
N978AK,1227
N611AS,1228
N487AS,1229
N972AK,1230
N287AK,1231
N552AS,1232
N494AS,1233
N614AS,1234
N285AK,1235
N532AS,1236
N531AS,1237
N563AS,1238
N975AK,1239
N528AS,1240
N564AS,1241
N493AS,1242
N581AS,1243
N535AS,1244
N506AS,1245
N607AS,1246
N491AS,1247
N546AS,1248
N928VA,1249
N639VA,1250
N924AK,1251
N637VA,1252
N440AS,1253
N954AK,1254
N636VA,1255
N428AS,1256
N284AK,1257
N524AS,1258
N527AS,1259
N462AS,1260
N464AS,1261
N613AS,1262
N593AS,1263
N619AS,1264
N615AS,1265
N403AS,1266
N841VA,1267
N320AS,1268
N537AS,1269
N549AS,1270
N512AS,1271
N609AS,1272
N317AS,1273
N955AK,1274
N565AS,1275
N956AK,1276
N433AS,1277
N517AS,1278
N435AS,1279
N273AK,1280
N228JB,1281
N597JB,1282
N942JB,1283
N943JT,1284
N991JT,1285
N197JB,1286
N585JB,1287
N646JB,1288
N905JB,1289
N760JB,1290
N705JB,1291
N249JB,1292
N504JB,1293
N997JL,1294
N796JB,1295
N634JB,1296
N661JB,1297
N715JB,1298
N708JB,1299
N358JB,1300
N608JB,1301
N992JB,1302
N334JB,1303
N179JB,1304
N970JB,1305
N947JB,1306
N969JT,1307
N339JB,1308
N828JB,1309
N229JB,1310
N355JB,1311
N809JB,1312
N946JL,1313
N559JB,1314
N568JB,1315
N612JB,1316
N526JL,1317
N962JT,1318
N729JB,1319
N994JL,1320
N603JB,1321
N639JB,1322
N907JB,1323
N971JT,1324
N590JB,1325
N216JB,1326
N3058J,1327
N598JB,1328
N775JB,1329
N2105J,1330
N973JT,1331
N203JB,1332
N935JB,1333
N827JB,1334
N625JB,1335
N273JB,1336
N505JB,1337
N655JB,1338
N554JB,1339
N281JB,1340
N351JB,1341
N651JB,1342
N929JB,1343
N594JB,1344
N784JB,1345
N961JT,1346
N923JB,1347
N2002J,1348
N599JB,1349
N659JB,1350
N324JB,1351
N190JB,1352
N952JB,1353
N2086J,1354
N983JT,1355
N266JB,1356
N510JB,1357
N903JB,1358
N3085J,1359
N805JB,1360
N3008J,1361
N996JL,1362
N523JB,1363
N521JB,1364
N3023J,1365
N995JL,1366
N975JT,1367
N978JB,1368
N977JE,1369
N657JB,1370
N346JB,1371
N354JB,1372
N579JB,1373
N348JB,1374
N593JB,1375
N653JB,1376
N632JB,1377
N950JT,1378
N536JB,1379
N247JB,1380
N537JT,1381
N591JB,1382
N307JB,1383
N589JB,1384
N2016J,1385
N584JB,1386
N283JB,1387
N183JB,1388
N981JT,1389
N547JB,1390
N258JB,1391
N980JT,1392
N2043J,1393
N768JB,1394
N306JB,1395
N949JT,1396
N984JB,1397
N623JB,1398
N517JB,1399
N2044J,1400
N534JB,1401
N236JB,1402
N976JT,1403
N989JT,1404
N587JB,1405
N265JB,1406
N583JB,1407
N644JB,1408
N645JB,1409
N987JT,1410
N3102J,1411
N993JE,1412
N703JB,1413
N318JB,1414
N3115J,1415
N562JB,1416
N630JB,1417
N552JB,1418
N3104J,1419
N649JB,1420
N766JB,1421
N968JT,1422
N317JB,1423
N986JB,1424
N556JB,1425
N807JB,1426
N948JB,1427
N566JB,1428
N641JB,1429
N652JB,1430
N913JB,1431
N633JB,1432
N529JB,1433
N375JB,1434
N636JB,1435
N531JL,1436
N507JT,1437
N3113J,1438
N3062J,1439
N706JB,1440
N2048J,1441
N615JB,1442
N231JB,1443
N267JB,1444
N588JB,1445
N2027J,1446
N806JB,1447
N966JT,1448
N328JB,1449
N965JT,1450
N2029J,1451
N2102J,1452
N804JB,1453
N982JB,1454
N279JB,1455
N3112J,1456
N2039J,1457
N565JB,1458
N592JB,1459
N564JB,1460
N304JB,1461
N323JB,1462
N3077J,1463
N206JB,1464
N712JB,1465
N284JB,1466
N368JB,1467
N586JB,1468
N985JT,1469
N635JB,1470
N509JB,1471
N563JB,1472
N637JB,1473
N998JE,1474
N665JB,1475
N709JB,1476
N607JB,1477
N629JB,1478
N834JB,1479
N656JB,1480
N274JB,1481
N959JB,1482
N974JT,1483
N570JB,1484
N640JB,1485
N779JB,1486
N662JB,1487
N964JT,1488
N972JT,1489
N506JB,1490
N337JB,1491
N793JB,1492
N643JB,1493
N238JB,1494
N329JB,1495
N193JB,1496
N503JB,1497
N516JB,1498
N624JB,1499
N955JB,1500
N937JB,1501
N527JL,1502
N934JB,1503
N3065J,1504
N746JB,1505
N954JB,1506
N944JT,1507
N789JB,1508
N663JB,1509
N2084J,1510
N648JB,1511
N958JB,1512
N519JB,1513
N638JB,1514
N558JB,1515
N2059J,1516
N621JB,1517
N988JT,1518
N990JL,1519
N3044J,1520
N945JT,1521
N561JB,1522
N184JB,1523
N535JB,1524
N658JB,1525
N999JQ,1526
N957JB,1527
N595JB,1528
N571JB,1529
N2047J,1530
N821JB,1531
N2142J,1532
N763JB,1533
N794JB,1534
N956JT,1535
N967JT,1536
N618JB,1537
N580JB,1538
N2017J,1539
N606JB,1540
N2038J,1541
N192JB,1542
N239JB,1543
N569JB,1544
N605JB,1545
N2060J,1546
N3118J,1547
N198JB,1548
N520JB,1549
N613JB,1550
N524JB,1551
N4064J,1552
N979JT,1553
N627JB,1554
N187JB,1555
N114DN,1556
N359DN,1557
N336DX,1558
N318DX,1559
N343DN,1560
N320DN,1561
N118DY,1562
N340DN,1563
N393DN,1564
N311DN,1565
N379DN,1566
N352DN,1567
N314DN,1568
N121DZ,1569
N315DN,1570
N369DN,1571
N394DX,1572
N365DN,1573
N127DN,1574
N383DZ,1575
N328DN,1576
N119DN,1577
N355DN,1578
N102DN,1579
N308DN,1580
N372DN,1581
N301NB,1582
N363NB,1583
N338NB,1584
N342NB,1585
N336NB,1586
N347NB,1587
N955AT,1588
N951AT,1589
N945AT,1590
N939AT,1591
N893AT,1592
N608AT,1593
N965AT,1594
N927AT,1595
N947AT,1596
N717JL,1597
N998AT,1598
N940AT,1599
N919AT,1600
N995AT,1601
N979AT,1602
N978AT,1603
N925AT,1604
N964AT,1605
N991AT,1606
N930AT,1607
N710TW,1608
N705TW,1609
N717TW,1610
N723TW,1611
N838MH,1612
N419DX,1613
N408DX,1614
N402DX,1615
N416DX,1616
N410DZ,1617
N418DX,1618
N406DX,1619
N806NW,1620
N420DX,1621
N409DX,1622
N404DX,1623
N413DX,1624
N414DZ,1625
N417DX,1626
N403DX,1627
N864DN,1628
N809DN,1629
N832DN,1630
N830DN,1631
N873DN,1632
N839DN,1633
N304DN,1634
N384DN,1635
N358DN,1636
N307DX,1637
N106DN,1638
N327DN,1639
N397DN,1640
N368DN,1641
N350DN,1642
N386DN,1643
N391DN,1644
N128DN,1645
N337DN,1646
N980AT,1647
N376DN,1648
N362DN,1649
N331DN,1650
N373DX,1651
N389DN,1652
N323DN,1653
N357DN,1654
N557NW,1655
N668DN,1656
N537US,1657
N683DA,1658
N6706Q,1659
N699DL,1660
N595NW,1661
N665DN,1662
N123DQ,1663
N861DN,1664
N596NW,1665
N593NW,1666
N673DL,1667
N679DA,1668
N682DA,1669
N675DL,1670
N6711M,1671
N555NW,1672
N702TW,1673
N550NW,1674
N703TW,1675
N704X,1676
N721TW,1677
N192DN,1678
N394DL,1679
N179DN,1680
N176DN,1681
N178DN,1682
N183DN,1683
N843MH,1684
N845MH,1685
N839MH,1686
N832MH,1687
N829MH,1688
N825MH,1689
N834MH,1690
N828MH,1691
N841MH,1692
N831MH,1693
N837MH,1694
N835MH,1695
N366NW,1696
N361NW,1697
N372NW,1698
N327NW,1699
N363NW,1700
N353NW,1701
N310DU,1702
N306DU,1703
N3748Y,1704
N307DU,1705
N983AT,1706
N934AT,1707
N301DU,1708
N312DU,1709
N303DU,1710
N946AT,1711
N3760C,1712
N311DU,1713
N607AT,1714
N187DN,1715
N169DZ,1716
N186DN,1717
N194DN,1718
N196DN,1719
N181DN,1720
N184DN,1721
N185DN,1722
N182DN,1723
N199DN,1724
N193DN,1725
N507DZ,1726
N808DN,1727
N881DN,1728
N855DN,1729
N825DN,1730
N911DQ,1731
N842DN,1732
N175DN,1733
N174DN,1734
N405DX,1735
N171DN,1736
N1603,1737
N177DN,1738
N191DN,1739
N411DX,1740
N333DX,1741
N111DC,1742
N109DN,1743
N129DN,1744
N351DN,1745
N302DU,1746
N309DU,1747
N313DU,1748
N304DU,1749
N305DU,1750
N908DN,1751
N707TW,1752
N535US,1753
N117DU,1754
N321NB,1755
N352NB,1756
N330NB,1757
N365NB,1758
N341NB,1759
N929DZ,1760
N930DZ,1761
N806DN,1762
N914DU,1763
N819DN,1764
N838DN,1765
N904DN,1766
N824DN,1767
N912DU,1768
N907DN,1769
N374DX,1770
N696DL,1771
N305DN,1772
N6705Y,1773
N543US,1774
N681DA,1775
N344DN,1776
N670DN,1777
N667DN,1778
N339DN,1779
N589NW,1780
N324DX,1781
N319DN,1782
N378DN,1783
N366DX,1784
N387DN,1785
N103DY,1786
N811DZ,1787
N885DN,1788
N899DN,1789
N918DU,1790
N843DN,1791
N852DN,1792
N874DN,1793
N706TW,1794
N712TW,1795
N727TW,1796
N175DZ,1797
N805NW,1798
N324US,1799
N354NW,1800
N360NW,1801
N338NW,1802
N356NW,1803
N319US,1804
N378NW,1805
N371NW,1806
N348NW,1807
N325US,1808
N332NW,1809
N344NW,1810
N376NW,1811
N365NW,1812
N344NB,1813
N328NB,1814
N678DL,1815
N685DA,1816
N684DA,1817
N3772H,1818
N863DN,1819
N878DN,1820
N884DN,1821
N900DU,1822
N844DN,1823
N856DN,1824
N840DN,1825
N922DZ,1826
N928DU,1827
N921DU,1828
N880DN,1829
N896DN,1830
N917DU,1831
N854DN,1832
N882DN,1833
N877DN,1834
N851DN,1835
N3739P,1836
N845DN,1837
N310DN,1838
N313DN,1839
N112DN,1840
N382DN,1841
N301DV,1842
N398DN,1843
N338DN,1844
N330DX,1845
N360DN,1846
N367DN,1847
N105DX,1848
N104DN,1849
N395DZ,1850
N326US,1851
N373NW,1852
N377NW,1853
N333NW,1854
N355NW,1855
N359NW,1856
N197DN,1857
N174DZ,1858
N195DN,1859
N141DU,1860
N110DU,1861
N138DU,1862
N142DU,1863
N119DU,1864
N111NG,1865
N104DU,1866
N950AT,1867
N929AT,1868
N996AT,1869
N988AT,1870
N986AT,1871
N985AT,1872
N954AT,1873
N3735D,1874
N963AT,1875
N937AT,1876
N977AT,1877
N970AT,1878
N935AT,1879
N363DN,1880
N826DN,1881
N893DN,1882
N887DN,1883
N913DU,1884
N901DN,1885
N879DN,1886
N821DN,1887
N815DN,1888
N903DN,1889
N848DN,1890
N871DN,1891
N876DN,1892
N506DA,1893
N516DA,1894
N510DE,1895
N505DZ,1896
N503DZ,1897
N501DA,1898
N502DX,1899
N989AT,1900
N357NW,1901
N337NW,1902
N317US,1903
N329NW,1904
N339NW,1905
N369NW,1906
N401DZ,1907
N722TW,1908
N688DL,1909
N3759,1910
N3731T,1911
N3768,1912
N383DN,1913
N3740C,1914
N3741S,1915
N821DX,1916
N822DN,1917
N897DN,1918
N837DN,1919
N916DU,1920
N805DN,1921
N849DN,1922
N894DN,1923
N872DN,1924
N890DN,1925
N888DU,1926
N827DN,1927
N892DN,1928
N511DE,1929
N376DA,1930
N306DN,1931
N125DN,1932
N107DN,1933
N518DQ,1934
N517DN,1935
N875DN,1936
N895DN,1937
N829DN,1938
N866DN,1939
N812DN,1940
N820DN,1941
N504DZ,1942
N512DE,1943
N509DT,1944
N508DA,1945
N110DX,1946
N317DN,1947
N345DN,1948
N364DX,1949
N325DN,1950
N123DW,1951
N671DN,1952
N370DN,1953
N335DN,1954
N321DH,1955
N375DN,1956
N942AT,1957
N143DU,1958
N102DU,1959
N113DQ,1960
N103DU,1961
N120DU,1962
N145DQ,1963
N135DQ,1964
N107DU,1965
N137DU,1966
N131DU,1967
N129DU,1968
N133DU,1969
N112DU,1970
N354NB,1971
N364NB,1972
N359NB,1973
N360NB,1974
N324NB,1975
N349NW,1976
N373DA,1977
N349NB,1978
N315NB,1979
N3737C,1980
N361NB,1981
N318NB,1982
N353NB,1983
N358NB,1984
N332NB,1985
N339NB,1986
N340NB,1987
N355NB,1988
N345NB,1989
N366NB,1990
N320NB,1991
N883DN,1992
N171DZ,1993
N180DN,1994
N125DU,1995
N127DU,1996
N130DU,1997
N126DU,1998
N118DU,1999
N136DQ,2000
N121DU,2001
N817DN,2002
N583NW,2003
N582NW,2004
N587NW,2005
N302DN,2006
N392DN,2007
N521DT,2008
N381DZ,2009
N371DN,2010
N115DN,2011
N117DX,2012
N390DN,2013
N349DX,2014
N396DN,2015
N122DN,2016
N347DN,2017
N371DA,2018
N3749D,2019
N3743H,2020
N398DA,2021
N3736C,2022
N397DA,2023
N391DA,2024
N309DN,2025
N126DN,2026
N326DN,2027
N116DN,2028
N938AT,2029
N948AT,2030
N974AT,2031
N101DQ,2032
N353DN,2033
N361DN,2034
N334DN,2035
N377DN,2036
N354DN,2037
N113DX,2038
N694DL,2039
N542US,2040
N687DL,2041
N6704Z,2042
N538US,2043
N6702,2044
N915DU,2045
N910DU,2046
N865DN,2047
N329DN,2048
N341DN,2049
N380DN,2050
N971AT,2051
N952AT,2052
N990AT,2053
N994AT,2054
N943AT,2055
N982AT,2056
N953AT,2057
N928AT,2058
N513DA,2059
N3732J,2060
N3754A,2061
N3742C,2062
N384DA,2063
N3751B,2064
N380DA,2065
N3733Z,2066
N386DA,2067
N3763D,2068
N3764D,2069
N774DE,2070
N372DA,2071
N375DA,2072
N3761R,2073
N395DN,2074
N336NW,2075
N342NW,2076
N331NW,2077
N335NB,2078
N341NW,2079
N345NW,2080
N377DE,2081
N178DZ,2082
N515DE,2083
N375NC,2084
N394DA,2085
N335NW,2086
N334NW,2087
N526DE,2088
N522DA,2089
N514DE,2090
N385DZ,2091
N124DX,2092
N905DN,2093
N920DU,2094
N925DZ,2095
N356DN,2096
N364NW,2097
N921AT,2098
N924AT,2099
N949AT,2100
N967AT,2101
N815NW,2102
N328NW,2103
N320US,2104
N370NW,2105
N374NW,2106
N312US,2107
N343NW,2108
N342DN,2109
N3755D,2110
N803DN,2111
N6713Y,2112
N836DN,2113
N840MH,2114
N859DN,2115
N346DN,2116
N388DN,2117
N548US,2118
N6714Q,2119
N674DL,2120
N552NW,2121
N6708D,2122
N114DU,2123
N108DN,2124
N870DN,2125
N850DN,2126
N902DN,2127
N860DN,2128
N807DN,2129
N858DZ,2130
N868DN,2131
N869DN,2132
N801DZ,2133
N846DN,2134
N926DZ,2135
N833DN,2136
N891DN,2137
N841DN,2138
N886DN,2139
N802DN,2140
N834DN,2141
N804DN,2142
N368NB,2143
N120DN,2144
N810DN,2145
N923DZ,2146
N831DN,2147
N919DU,2148
N889DN,2149
N867DN,2150
N3769L,2151
N303DN,2152
N835DN,2153
N927DZ,2154
N581NW,2155
N507DN,2156
N590NW,2157
N515DN,2158
N516DN,2159
N518DZ,2160
N505DN,2161
N511DN,2162
N862DN,2163
N813DN,2164
N816DN,2165
N823DN,2166
N554NW,2167
N814NW,2168
N824NW,2169
N412DX,2170
N415DX,2171
N686DA,2172
N698DL,2173
N659DL,2174
N545US,2175
N322DN,2176
N302NB,2177
N351NB,2178
N176DZ,2179
N830NW,2180
N909DN,2181
N343NB,2182
N3752,2183
N3753,2184
N385DN,2185
N378DA,2186
N547US,2187
N695DL,2188
N332DN,2189
N924DZ,2190
N3771K,2191
N3747D,2192
N776DE,2193
N374DA,2194
N775DE,2195
N393DA,2196
N906DN,2197
N828DN,2198
N331NB,2199
N337NB,2200
N333NB,2201
N347NW,2202
N898DN,2203
N923AT,2204
N944AT,2205
N1602,2206
N351NW,2207
N340NW,2208
N933AT,2209
N993AT,2210
N997AT,2211
N352NW,2212
N368NW,2213
N371NB,2214
N3766,2215
N396DA,2216
N392DA,2217
N3773D,2218
N379DA,2219
N3730B,2220
N348DN,2221
N312DN,2222
N325NB,2223
N693DL,2224
N900PC,2225
N387DA,2226
N553NW,2227
N676DL,2228
N847DN,2229
N853DN,2230
N67171,2231
N814DN,2232
N37700,2233
N321US,2234
N323US,2235
N367NW,2236
N357NB,2237
N369NB,2238
N350NA,2239
N857DZ,2240
N6715C,2241
N820DX,2242
N358NW,2243
N134DU,2244
N115DU,2245
N105DU,2246
N140DU,2247
N109DU,2248
N106DU,2249
N122DU,2250
N144DU,2251
N101DU,2252
N514DN,2253
N504DN,2254
N588NW,2255
N584NW,2256
N585NW,2257
N586NW,2258
N594NW,2259
N388DA,2260
N3758Y,2261
N3738B,2262
N382DA,2263
N926AT,2264
N348NB,2265
N319NB,2266
N362NW,2267
N6716C,2268
N658DL,2269
N544US,2270
N556NW,2271
N692DL,2272
N660DL,2273
N316NB,2274
N329NB,2275
N326NB,2276
N390DA,2277
N407DX,2278
N966AT,2279
N519DN,2280
N517DZ,2281
N513DZ,2282
N377DA,2283
N3745B,2284
N3765,2285
N3762Y,2286
N3757D,2287
N3734B,2288
N108DQ,2289
N124DU,2290
N116DU,2291
N128DU,2292
N317NB,2293
N381DN,2294
N3767,2295
N3746H,2296
N3744F,2297
N672DL,2298
N6707A,2299
N346NB,2300
N323NB,2301
N981AT,2302
N6712B,2303
N316DN,2304
N936AT,2305
N549US,2306
N546US,2307
N188DN,2308
N1604R,2309
N172DZ,2310
N177DZ,2311
N198DN,2312
N576DZ,2313
N6710E,2314
N669DN,2315
N540US,2316
N591NW,2317
N139DU,2318
N389DA,2319
N399DA,2320
N822DX,2321
N697DL,2322
N932AT,2323
N334NB,2324
N132DU,2325
N3756,2326
N370NB,2327
N327NB,2328
N308DU,2329
N315DU,2330
N819DX,2331
N823DX,2332
N836MH,2333
N842MH,2334
N592NW,2335
N362NB,2336
N858NW,2337
N854NW,2338
N859NW,2339
N853NW,2340
N855NW,2341
N861NW,2342
N851NW,2343
N857NW,2344
N826NW,2345
N3750D,2346
N6709,2347
N541US,2348
N16065,2349
N172DN,2350
N173DZ,2351
N1605,2352
N951DX,2353
N690DL,2354
N189DN,2355
N844MH,2356
N501DN,2357
N509DN,2358
N503DN,2359
N506DN,2360
N510DN,2361
N512DN,2362
N539US,2363
N536US,2364
N818DA,2365
N309US,2366
N314NB,2367
N190DN,2368
N961DZ,2369
N816NW,2370
N856NW,2371
N819NW,2372
N822NW,2373
N812NW,2374
N827NW,2375
N828NW,2376
N801NW,2377
N821NW,2378
N804NW,2379
N831NW,2380
N811NW,2381
N803NW,2382
N830MH,2383
N829NW,2384
N827MH,2385
N818NW,2386
N573DZ,2387
N575DZ,2388
N574DZ,2389
N508DN,2390
N502DN,2391
N823NW,2392
N825NW,2393
N826MH,2394
N852NW,2395
N802NW,2396
N809NW,2397
N813NW,2398
N820NW,2399
N817NW,2400
N210FR,2401
N213FR,2402
N216FR,2403
N230FR,2404
N232FR,2405
N233FR,2406
N235FR,2407
N236FR,2408
N238FR,2409
N301FR,2410
N303FR,2411
N304FR,2412
N307FR,2413
N308FR,2414
N309FR,2415
N310FR,2416
N311FR,2417
N312FR,2418
N313FR,2419
N316FR,2420
N317FR,2421
N318FR,2422
N322FR,2423
N323FR,2424
N324FR,2425
N326FR,2426
N328FR,2427
N329FR,2428
N330FR,2429
N331FR,2430
N332FR,2431
N334FR,2432
N335FR,2433
N336FR,2434
N337FR,2435
N338FR,2436
N339FR,2437
N341FR,2438
N342FR,2439
N343FR,2440
N346FR,2441
N348FR,2442
N349FR,2443
N350FR,2444
N351FR,2445
N352FR,2446
N353FR,2447
N354FR,2448
N356FR,2449
N358FR,2450
N359FR,2451
N360FR,2452
N361FR,2453
N362FR,2454
N363FR,2455
N364FR,2456
N365FR,2457
N366FR,2458
N367FR,2459
N368FR,2460
N369FR,2461
N370FR,2462
N371FR,2463
N372FR,2464
N373FR,2465
N375FR,2466
N376FR,2467
N377FR,2468
N378FR,2469
N379FR,2470
N381FR,2471
N382FR,2472
N383FR,2473
N384FR,2474
N386FR,2475
N387FR,2476
N388FR,2477
N389FR,2478
N390FR,2479
N391FR,2480
N393FR,2481
N394FR,2482
N395FR,2483
N396FR,2484
N603FR,2485
N604FR,2486
N701FR,2487
N705FR,2488
N706FR,2489
N708FR,2490
N709FR,2491
N710FR,2492
N711FR,2493
N712FR,2494
N713FR,2495
N714FR,2496
N715FR,2497
N716FR,2498
N719FR,2499
N720FR,2500
N721FR,2501
N722FR,2502
N723FR,2503
N211FR,2504
N229FR,2505
N305FR,2506
N344FR,2507
N374FR,2508
N380FR,2509
N385FR,2510
N392FR,2511
N718FR,2512
N702FR,2513
N607FR,2514
N704FR,2515
N605FR,2516
N228FR,2517
N717FR,2518
N347FR,2519
N297NV,2520
N242NV,2521
N252NV,2522
N281NV,2523
N232NV,2524
N235NV,2525
N253NV,2526
N314NV,2527
N313NV,2528
N312NV,2529
N255NV,2530
N287NV,2531
N229NV,2532
N248NV,2533
N271NV,2534
N250NV,2535
N283NV,2536
N251NV,2537
N289NV,2538
N194NV,2539
N307NV,2540
N245NV,2541
N193NV,2542
N221NV,2543
N306NV,2544
N333NV,2545
N241NV,2546
N328NV,2547
N329NV,2548
N230NV,2549
N258NV,2550
N301NV,2551
N335NV,2552
N317NV,2553
N310NV,2554
N325NV,2555
N320NV,2556
N308NV,2557
N204NV,2558
N260NV,2559
N234NV,2560
N222NV,2561
N318NV,2562
N191NV,2563
N323NV,2564
N334NV,2565
N205NV,2566
N291NV,2567
N285NV,2568
N247NV,2569
N223NV,2570
N319NV,2571
N207NV,2572
N327NV,2573
N244NV,2574
N294NV,2575
N190NV,2576
N321NV,2577
N249NV,2578
N296NV,2579
N311NV,2580
N330NV,2581
N332NV,2582
N277NV,2583
N218NV,2584
N293NV,2585
N215NV,2586
N299NV,2587
N195NV,2588
N206NV,2589
N298NV,2590
N240NV,2591
N254NV,2592
N256NV,2593
N209NV,2594
N309NV,2595
N262NV,2596
N246NV,2597
N216NV,2598
N324NV,2599
N288NV,2600
N337NV,2601
N217NV,2602
N237NV,2603
N290NV,2604
N202NV,2605
N295NV,2606
N279NV,2607
N219NV,2608
N275NV,2609
N273NV,2610
N286NV,2611
N315NV,2612
N259NV,2613
N331NV,2614
N238NV,2615
N199NV,2616
N284NV,2617
N261NV,2618
N272NV,2619
N243NV,2620
N316NV,2621
N203NV,2622
N280NV,2623
N274NV,2624
N220NV,2625
N257NV,2626
N305NV,2627
N302NV,2628
N322NV,2629
N208NV,2630
N278NV,2631
N292NV,2632
N326NV,2633
N338NV,2634
N192NV,2635
N276NV,2636
N236NV,2637
N282NV,2638
N233NV,2639
N239NV,2640
N399HA,2641
N392HA,2642
N373HA,2643
N374HA,2644
N385HA,2645
N390HA,2646
N386HA,2647
N379HA,2648
N389HA,2649
N380HA,2650
N396HA,2651
N360HA,2652
N395HA,2653
N383HA,2654
N382HA,2655
N378HA,2656
N361HA,2657
N375HA,2658
N381HA,2659
N393HA,2660
N391HA,2661
N370HA,2662
N384HA,2663
N388HA,2664
N227HA,2665
N212HA,2666
N217HA,2667
N218HA,2668
N208HA,2669
N204HA,2670
N213HA,2671
N216HA,2672
N205HA,2673
N202HA,2674
N230HA,2675
N215HA,2676
N228HA,2677
N223HA,2678
N209HA,2679
N214HA,2680
N477HA,2681
N494HA,2682
N492HA,2683
N476HA,2684
N484HA,2685
N489HA,2686
N475HA,2687
N483HA,2688
N486HA,2689
N479HA,2690
N495HA,2691
N480HA,2692
N488HA,2693
N485HA,2694
N490HA,2695
N478HA,2696
N487HA,2697
N493HA,2698
N263NN,2699
N286NN,2700
N230NN,2701
N287NN,2702
N214NN,2703
N245NN,2704
N204NN,2705
N233NN,2706
N217NN,2707
N218NN,2708
N271NN,2709
N226NN,2710
N288NN,2711
N220NN,2712
N236NN,2713
N229NN,2714
N255NN,2715
N242NN,2716
N267NN,2717
N274NN,2718
N290NN,2719
N284JN,2720
N304KM,2721
N224NN,2722
N696AE,2723
N663AR,2724
N905JH,2725
N661JA,2726
N689EC,2727
N933JN,2728
N902BC,2729
N239NN,2730
N201NN,2731
N279MQ,2732
N285NN,2733
N258NN,2734
N208AN,2735
N281NN,2736
N302RN,2737
N225NN,2738
N253NN,2739
N202NN,2740
N299JJ,2741
N232NN,2742
N300LK,2743
N250NN,2744
N241NN,2745
N261NN,2746
N305CL,2747
N270NN,2748
N227NN,2749
N278NN,2750
N303DD,2751
N248NN,2752
N277NN,2753
N293NN,2754
N211NN,2755
N269NN,2756
N268NN,2757
N275NN,2758
N273NN,2759
N283NN,2760
N228NN,2761
N222NS,2762
N266NN,2763
N234JW,2764
N238NN,2765
N276NN,2766
N257NN,2767
N216NN,2768
N760MQ,2769
N761RW,2770
N766JM,2771
N237NN,2772
N763CC,2773
N768RD,2774
N764JD,2775
N289MW,2776
N762DT,2777
N765ST,2778
N662EH,2779
N254NN,2780
N240NN,2781
N259NN,2782
N280NN,2783
N291NN,2784
N252NN,2785
N219NN,2786
N210NN,2787
N249NN,2788
N264NN,2789
N221NN,2790
N205NN,2791
N203NN,2792
N292NN,2793
N265NN,2794
N215NN,2795
N243NN,2796
N928AE,2797
N939AE,2798
N206NN,2799
N209NN,2800
N235NN,2801
N246NN,2802
N212NN,2803
N260NN,2804
N244NN,2805
N223NN,2806
N298FR,2807
N207AN,2808
N247NN,2809
N272NN,2810
N200NN,2811
N622AE,2812
N935AE,2813
N231AN,2814
N282NN,2815
N679AE,2816
N653AE,2817
N664MS,2818
N942LL,2819
N922AE,2820
N256NN,2821
N262NN,2822
N213NN,2823
N941LT,2824
N932AE,2825
N931AE,2826
N909AE,2827
N670AE,2828
N619AE,2829
N925AE,2830
N613AE,2831
N668HH,2832
N908AE,2833
N923AE,2834
N251NN,2835
N678NK,2836
N657NK,2837
N682NK,2838
N683NK,2839
N668NK,2840
N681NK,2841
N674NK,2842
N670NK,2843
N660NK,2844
N686NK,2845
N684NK,2846
N662NK,2847
N661NK,2848
N685NK,2849
N676NK,2850
N659NK,2851
N673NK,2852
N671NK,2853
N948NK,2854
N667NK,2855
N679NK,2856
N687NK,2857
N680NK,2858
N658NK,2859
N669NK,2860
N675NK,2861
N606NK,2862
N696NK,2863
N647NK,2864
N950NK,2865
N947NK,2866
N953NK,2867
N913NK,2868
N934NK,2869
N972NK,2870
N960NK,2871
N918NK,2872
N907NK,2873
N937NK,2874
N636NK,2875
N653NK,2876
N920NK,2877
N919NK,2878
N927NK,2879
N902NK,2880
N906NK,2881
N618NK,2882
N956NK,2883
N936NK,2884
N942NK,2885
N654NK,2886
N693NK,2887
N646NK,2888
N924NK,2889
N692NK,2890
N536NK,2891
N525NK,2892
N507NK,2893
N510NK,2894
N529NK,2895
N528NK,2896
N503NK,2897
N506NK,2898
N517NK,2899
N531NK,2900
N535NK,2901
N523NK,2902
N521NK,2903
N516NK,2904
N522NK,2905
N612NK,2906
N959NK,2907
N626NK,2908
N624NK,2909
N512NK,2910
N505NK,2911
N519NK,2912
N629NK,2913
N524NK,2914
N532NK,2915
N526NK,2916
N638NK,2917
N509NK,2918
N635NK,2919
N504NK,2920
N508NK,2921
N534NK,2922
N639NK,2923
N663NK,2924
N672NK,2925
N967NK,2926
N941NK,2927
N650NK,2928
N602NK,2929
N694NK,2930
N627NK,2931
N604NK,2932
N652NK,2933
N608NK,2934
N695NK,2935
N623NK,2936
N640NK,2937
N951NK,2938
N617NK,2939
N649NK,2940
N621NK,2941
N631NK,2942
N622NK,2943
N697NK,2944
N962NK,2945
N940NK,2946
N921NK,2947
N928NK,2948
N929NK,2949
N945NK,2950
N958NK,2951
N968NK,2952
N901NK,2953
N957NK,2954
N971NK,2955
N964NK,2956
N925NK,2957
N903NK,2958
N939NK,2959
N969NK,2960
N970NK,2961
N691NK,2962
N648NK,2963
N619NK,2964
N634NK,2965
N633NK,2966
N603NK,2967
N601NK,2968
N643NK,2969
N620NK,2970
N698NK,2971
N651NK,2972
N656NK,2973
N611NK,2974
N946NK,2975
N910NK,2976
N965NK,2977
N955NK,2978
N944NK,2979
N961NK,2980
N963NK,2981
N954NK,2982
N926NK,2983
N943NK,2984
N641NK,2985
N931NK,2986
N628NK,2987
N949NK,2988
N915NK,2989
N905NK,2990
N922NK,2991
N912NK,2992
N923NK,2993
N609NK,2994
N664NK,2995
N677NK,2996
N642NK,2997
N637NK,2998
N613NK,2999
N644NK,3000
N607NK,3001
N615NK,3002
N630NK,3003
N690NK,3004
N655NK,3005
N665NK,3006
N645NK,3007
N533NK,3008
N625NK,3009
N616NK,3010
N938NK,3011
N933NK,3012
N527NK,3013
N614NK,3014
N952NK,3015
N632NK,3016
N966NK,3017
N935NK,3018
N916NK,3019
N917NK,3020
N514NK,3021
N530NK,3022
N515NK,3023
N908NK,3024
N930NK,3025
N975NK,3026
N502NK,3027
N7820L,3028
N7879A,3029
N8527Q,3030
N256WN,3031
N8731J,3032
N558WN,3033
N965WN,3034
N8723Q,3035
N752SW,3036
N946WN,3037
N435WN,3038
N7878A,3039
N8767M,3040
N7886A,3041
N486WN,3042
N8760L,3043
N902WN,3044
N227WN,3045
N7723E,3046
N7864B,3047
N403WN,3048
N299WN,3049
N264LV,3050
N8504G,3051
N8627B,3052
N487WN,3053
N8643A,3054
N8811L,3055
N8577Z,3056
N8326F,3057
N269WN,3058
N8616C,3059
N8676A,3060
N7702A,3061
N8750Q,3062
N872CB,3063
N8579Z,3064
N8548P,3065
N8530W,3066
N8664J,3067
N206WN,3068
N8639B,3069
N8816Q,3070
N7858A,3071
N484WN,3072
N968WN,3073
N7747C,3074
N8567Z,3075
N8801Q,3076
N920WN,3077
N7850B,3078
N737JW,3079
N7884G,3080
N287WN,3081
N496WN,3082
N490WN,3083
N409WN,3084
N751SW,3085
N8632A,3086
N8606C,3087
N7861J,3088
N482WN,3089
N7715E,3090
N431WN,3091
N8600F,3092
N475WN,3093
N8667D,3094
N948WN,3095
N419WN,3096
N8313F,3097
N8641B,3098
N8517F,3099
N8792Q,3100
N210WN,3101
N8683D,3102
N7817J,3103
N8651A,3104
N8621A,3105
N8697C,3106
N8680C,3107
N8758L,3108
N477WN,3109
N7734H,3110
N8514F,3111
N8562Z,3112
N8748Q,3113
N7827A,3114
N211WN,3115
N8312C,3116
N8671D,3117
N8528Q,3118
N8551Q,3119
N278WN,3120
N8603F,3121
N8626B,3122
N249WN,3123
N8654B,3124
N8675A,3125
N8812Q,3126
N8513F,3127
N8771D,3128
N8545V,3129
N458WN,3130
N8604K,3131
N1807U,3132
N929WN,3133
N7739A,3134
N8692F,3135
N406WN,3136
N8614M,3137
N7814B,3138
N237WN,3139
N8575Z,3140
N8707P,3141
N8759Q,3142
N8705Q,3143
N480WN,3144
N8780Q,3145
N8602F,3146
N7863A,3147
N969WN,3148
N8508W,3149
N8613K,3150
N8823Q,3151
N421LV,3152
N763SW,3153
N8531Q,3154
N8674B,3155
N910WN,3156
N567WN,3157
N8628A,3158
N418WN,3159
N8698B,3160
N7885A,3161
N8814K,3162
N8754S,3163
N294WN,3164
N8311Q,3165
N940WN,3166
N7839A,3167
N247WN,3168
N566WN,3169
N941WN,3170
N1801U,3171
N8623F,3172
N7821L,3173
N413WN,3174
N792SW,3175
N282WN,3176
N261WN,3177
N8734Q,3178
N559WN,3179
N942WN,3180
N474WN,3181
N298WN,3182
N7873A,3183
N8536Z,3184
N8686A,3185
N8327A,3186
N8751R,3187
N8617E,3188
N441WN,3189
N927WN,3190
N7846A,3191
N7745A,3192
N246LV,3193
N8665D,3194
N8637A,3195
N783SW,3196
N936WN,3197
N8818Q,3198
N203WN,3199
N8529Z,3200
N8619F,3201
N8806Q,3202
N202WN,3203
N277WN,3204
N8540V,3205
N488WN,3206
N8607M,3207
N746SW,3208
N8663A,3209
N230WN,3210
N444WN,3211
N950WN,3212
N738CB,3213
N8503A,3214
N8807L,3215
N7835A,3216
N445WN,3217
N407WN,3218
N8669B,3219
N250WN,3220
N276WN,3221
N8578Q,3222
N924WN,3223
N769SW,3224
N8615E,3225
N479WN,3226
N7877H,3227
N238WN,3228
N204WN,3229
N279WN,3230
N7866A,3231
N229WN,3232
N438WN,3233
N8547V,3234
N8710M,3235
N8673F,3236
N8569Z,3237
N8653A,3238
N8817L,3239
N266WN,3240
N7842A,3241
N455WN,3242
N8776L,3243
N1806U,3244
N8741L,3245
N8561Z,3246
N8829Q,3247
N930WN,3248
N454WN,3249
N297WN,3250
N226WN,3251
N252WN,3252
N908WN,3253
N8815L,3254
N8642E,3255
N7833A,3256
N8813Q,3257
N8668A,3258
N263WN,3259
N8738K,3260
N8732S,3261
N8537Z,3262
N8725L,3263
N8810L,3264
N8512U,3265
N956WN,3266
N8564Z,3267
N943WN,3268
N947WN,3269
N8565Z,3270
N917WN,3271
N8306H,3272
N8507C,3273
N8689C,3274
N7857B,3275
N255WN,3276
N8502Z,3277
N8511K,3278
N8524Z,3279
N8702L,3280
N244WN,3281
N8793Q,3282
N412WN,3283
N8677A,3284
N7874B,3285
N8672F,3286
N8762Q,3287
N8510E,3288
N7722B,3289
N8658A,3290
N733SA,3291
N8706W,3292
N786SW,3293
N8620H,3294
N208WN,3295
N493WN,3296
N8552Z,3297
N8783L,3298
N8572X,3299
N8644C,3300
N8526W,3301
N8322X,3302
N8649A,3303
N8525S,3304
N260WN,3305
N8543Z,3306
N8520Q,3307
N7828A,3308
N254WN,3309
N8684F,3310
N765SW,3311
N8532S,3312
N8319F,3313
N7731A,3314
N7829B,3315
N8708Q,3316
N7869A,3317
N7743B,3318
N556WN,3319
N8804L,3320
N7738A,3321
N7838A,3322
N207WN,3323
N8558Z,3324
N489WN,3325
N259WN,3326
N443WN,3327
N485WN,3328
N8550Q,3329
N7867A,3330
N8657B,3331
N8809L,3332
N7848A,3333
N8534Z,3334
N8670A,3335
N8782Q,3336
N955WN,3337
N7730A,3338
N200WN,3339
N241WN,3340
N938WN,3341
N293WN,3342
N217JC,3343
N8583Z,3344
N934WN,3345
N7826B,3346
N7727A,3347
N8726H,3348
N8761L,3349
N420WN,3350
N464WN,3351
N417WN,3352
N7865A,3353
N257WN,3354
N8685B,3355
N8624J,3356
N7843A,3357
N7824A,3358
N292WN,3359
N8659D,3360
N560WN,3361
N8560Z,3362
N951WN,3363
N8736J,3364
N8573Z,3365
N7819A,3366
N8772M,3367
N8655D,3368
N8747Q,3369
N449WN,3370
N8584Z,3371
N8775Q,3372
N780SW,3373
N451WN,3374
N8563Z,3375
N416WN,3376
N498WN,3377
N8538V,3378
N8819L,3379
N1805U,3380
N460WN,3381
N8554X,3382
N8559Q,3383
N470WN,3384
N7882B,3385
N776WN,3386
N228WN,3387
N436WN,3388
N732SW,3389
N499WN,3390
N425LV,3391
N7881A,3392
N481WN,3393
N8518R,3394
N401WN,3395
N760SW,3396
N8800L,3397
N8303R,3398
N7815L,3399
N8694E,3400
N404WN,3401
N8778Q,3402
N754SW,3403
N8324A,3404
N8691A,3405
N7831B,3406
N248WN,3407
N932WN,3408
N7875A,3409
N8715Q,3410
N8612K,3411
N7832A,3412
N7840A,3413
N8555Z,3414
N8638A,3415
N265WN,3416
N8576Z,3417
N212WN,3418
N8803L,3419
N8533S,3420
N8728Q,3421
N8315C,3422
N408WN,3423
N7720F,3424
N8820L,3425
N961WN,3426
N957WN,3427
N731SA,3428
N8328A,3429
N8802Q,3430
N8301J,3431
N7751A,3432
N7845A,3433
N7740A,3434
N926WN,3435
N557WN,3436
N423WN,3437
N467WN,3438
N8582Z,3439
N8307K,3440
N8695D,3441
N8682B,3442
N415WN,3443
N286WN,3444
N914WN,3445
N7732A,3446
N8662F,3447
N422WN,3448
N7823A,3449
N7728D,3450
N448WN,3451
N755SA,3452
N240WN,3453
N7862A,3454
N442WN,3455
N7741C,3456
N428WN,3457
N239WN,3458
N218WN,3459
N446WN,3460
N953WN,3461
N483WN,3462
N243WN,3463
N937WN,3464
N907WN,3465
N492WN,3466
N959WN,3467
N919WN,3468
N967WN,3469
N437WN,3470
N785SW,3471
N476WN,3472
N931WN,3473
N900WN,3474
N757LV,3475
N251WN,3476
N461WN,3477
N7811F,3478
N963WN,3479
N551WN,3480
N944WN,3481
N958WN,3482
N8523W,3483
N788SA,3484
N8679A,3485
N450WN,3486
N1808U,3487
N400WN,3488
N7860A,3489
N8509U,3490
N7887A,3491
N770SA,3492
N8794Q,3493
N281WN,3494
N7880D,3495
N8826Q,3496
N569WN,3497
N7868K,3498
N7818L,3499
N8827Q,3500
N962WN,3501
N8542Z,3502
N8681M,3503
N235WN,3504
N7750A,3505
N426WN,3506
N8724J,3507
N8745K,3508
N7844A,3509
N459WN,3510
N8693A,3511
N478WN,3512
N424WN,3513
N922WN,3514
N8822Q,3515
N453WN,3516
N8752Q,3517
N7749B,3518
N8678E,3519
N7813P,3520
N8789Q,3521
N925WN,3522
N8539V,3523
N8633A,3524
N8808Q,3525
N729SW,3526
N8318F,3527
N8629A,3528
N8825Q,3529
N8556Z,3530
N283WN,3531
N8714Q,3532
N220WN,3533
N550WN,3534
N8656B,3535
N234WN,3536
N8690A,3537
N777QC,3538
N8805L,3539
N8777Q,3540
N1802U,3541
N465WN,3542
N223WN,3543
N8688J,3544
N7883A,3545
N8650F,3546
N7876A,3547
N231WN,3548
N456WN,3549
N747SA,3550
N7853B,3551
N555LV,3552
N8557Q,3553
N7746C,3554
N494WN,3555
N8314L,3556
N8796L,3557
N7841A,3558
N904WN,3559
N500WR,3560
N8325D,3561
N8733M,3562
N216WR,3563
N736SA,3564
N781WN,3565
N236WN,3566
N414WN,3567
N8699A,3568
N909WN,3569
N8570W,3570
N267WN,3571
N268WN,3572
N945WN,3573
N447WN,3574
N219WN,3575
N8308K,3576
N8316H,3577
N8541W,3578
N8742M,3579
N871HK,3580
N258WN,3581
N915WN,3582
N8711Q,3583
N7737E,3584
N295WN,3585
N749SW,3586
N284WN,3587
N939WN,3588
N8625A,3589
N8302F,3590
N8320J,3591
N7736A,3592
N7733B,3593
N296WN,3594
N8546V,3595
N952WN,3596
N8713M,3597
N8544Z,3598
N411WN,3599
N8795L,3600
N964WN,3601
N903WN,3602
N8568Z,3603
N8634A,3604
N8735L,3605
N7725A,3606
N7859B,3607
N8687A,3608
N8696E,3609
N8652B,3610
N497WN,3611
N750SA,3612
N949WN,3613
N262WN,3614
N7726A,3615
N912WN,3616
N8323C,3617
N735SA,3618
N495WN,3619
N8618N,3620
N960WN,3621
N7735A,3622
N8768Q,3623
N233LV,3624
N288WN,3625
N7849A,3626
N734SA,3627
N8718Q,3628
N935WN,3629
N232WN,3630
N748SW,3631
N1810U,3632
N8515X,3633
N8601C,3634
N7729A,3635
N923WN,3636
N469WN,3637
N8580Z,3638
N8581Z,3639
N8640D,3640
N8717M,3641
N8646B,3642
N8739L,3643
N767SW,3644
N457WN,3645
N928WN,3646
N8721J,3647
N8763L,3648
N8753Q,3649
N8781Q,3650
N8764Q,3651
N8743K,3652
N8729H,3653
N1809U,3654
N8765Q,3655
N8756S,3656
N8757L,3657
N8737L,3658
N8770Q,3659
N8712L,3660
N8773Q,3661
N8727M,3662
N8787K,3663
N8779Q,3664
N8785L,3665
N562WN,3666
N774SW,3667
N245WN,3668
N7856A,3669
N784SW,3670
N773SA,3671
N7889A,3672
N8622A,3673
N8722L,3674
N8553W,3675
N8566Z,3676
N291WN,3677
N8701Q,3678
N563WN,3679
N8305E,3680
N8647A,3681
N7888A,3682
N8791D,3683
N8716B,3684
N8661A,3685
N8635F,3686
N8709Q,3687
N570WN,3688
N7836A,3689
N285WN,3690
N8730Q,3691
N8766T,3692
N8609A,3693
N8786Q,3694
N8630B,3695
N8824Q,3696
N8574Z,3697
N440LV,3698
N289CT,3699
N7851A,3700
N8749Q,3701
N8631A,3702
N8720L,3703
N8788L,3704
N221WN,3705
N8821S,3706
N427WN,3707
N901WN,3708
N8501V,3709
N242WN,3710
N8704Q,3711
N8755L,3712
N201LV,3713
N7822A,3714
N8645A,3715
N8535S,3716
N561WN,3717
N906WN,3718
N290WN,3719
N8571Z,3720
N8769Q,3721
N7752B,3722
N280WN,3723
N7721E,3724
N8740A,3725
N8784Q,3726
N468WN,3727
N7852A,3728
N491WN,3729
N205WN,3730
N8317M,3731
N8648A,3732
N778SW,3733
N253WN,3734
N8321D,3735
N8329B,3736
N913WN,3737
N762SW,3738
N472WN,3739
N8746Q,3740
N8610A,3741
N954WN,3742
N463WN,3743
N462WN,3744
N8310C,3745
N8790Q,3746
N8744B,3747
N8719Q,3748
N410WN,3749
N439WN,3750
N8309C,3751
N452WN,3752
N8835Q,3753
N473WN,3754
N8834L,3755
N791SW,3756
N8549Z,3757
N7742B,3758
N7847A,3759
N222WN,3760
N7704B,3761
N966WN,3762
N8605E,3763
N7854B,3764
N8830Q,3765
N8833L,3766
N8828L,3767
N8832H,3768
N933WN,3769
N225WN,3770
N8831L,3771
N1811U,3772
N274WN,3773
N8837Q,3774
N8611F,3775
N7713A,3776
N273WN,3777
N8836Q,3778
N272WN,3779
N8608N,3780
N8838Q,3781
N8522P,3782
N793SA,3783
N215WN,3784
N8660A,3785
N565WN,3786
N7825A,3787
N214WN,3788
N7724A,3789
N8839Q,3790
N213WN,3791
N275WN,3792
N7812G,3793
N8842L,3794
N103HQ,3795
N414YX,3796
N119HQ,3797
N444YX,3798
N136HQ,3799
N424YX,3800
N407YX,3801
N453YX,3802
N104HQ,3803
N449YX,3804
N439YX,3805
N427YX,3806
N126HQ,3807
N109HQ,3808
N431YX,3809
N406YX,3810
N412YX,3811
N422YX,3812
N118HQ,3813
N419YX,3814
N401YX,3815
N403YX,3816
N447YX,3817
N441YX,3818
N413YX,3819
N442YX,3820
N432YX,3821
N102HQ,3822
N128HQ,3823
N443YX,3824
N430YX,3825
N114HQ,3826
N121HQ,3827
N131HQ,3828
N105HQ,3829
N124HQ,3830
N451YX,3831
N438YX,3832
N106HQ,3833
N452YX,3834
N409YX,3835
N112HQ,3836
N425YX,3837
N132HQ,3838
N410YX,3839
N418YX,3840
N107HQ,3841
N448YX,3842
N402YX,3843
N433YX,3844
N113HQ,3845
N135HQ,3846
N445YX,3847
N423YX,3848
N821MD,3849
N870RW,3850
N867RW,3851
N133HQ,3852
N426YX,3853
N871RW,3854
N872RW,3855
N134HQ,3856
N129HQ,3857
N806MD,3858
N421YX,3859
N434YX,3860
N869RW,3861
N110HQ,3862
N116HQ,3863
N446YX,3864
N428YX,3865
N101HQ,3866
N117HQ,3867
N123HQ,3868
N420YX,3869
N115HQ,3870
N138HQ,3871
N411YX,3872
N108HQ,3873
N429YX,3874
N404YX,3875
N450YX,3876
N416YX,3877
N417YX,3878
N408YX,3879
N826MD,3880
N234JQ,3881
N238JQ,3882
N235JQ,3883
N223JQ,3884
N214JQ,3885
N215JQ,3886
N232JQ,3887
N212JQ,3888
N241JQ,3889
N201JQ,3890
N240JQ,3891
N203JQ,3892
N221JQ,3893
N222JQ,3894
N810MD,3895
N233JQ,3896
N213JQ,3897
N218JQ,3898
N224JQ,3899
N229JQ,3900
N202JQ,3901
N209JQ,3902
N220JQ,3903
N210JQ,3904
N228JQ,3905
N242JQ,3906
N236JQ,3907
N206JQ,3908
N208JQ,3909
N824MD,3910
N246JQ,3911
N211JQ,3912
N217JQ,3913
N823MD,3914
N880RW,3915
N204JQ,3916
N239JQ,3917
N227JQ,3918
N230JQ,3919
N219YX,3920
N245JQ,3921
N244JQ,3922
N216JQ,3923
N878RW,3924
N231JQ,3925
N205JQ,3926
N818MD,3927
N860RW,3928
N225JQ,3929
N237JQ,3930
N226JQ,3931
N875RW,3932
N882RW,3933
N815MD,3934
N243JQ,3935
N879RW,3936
N207JQ,3937
N862RW,3938
N643RW,3939
N743YX,3940
N724YX,3941
N635RW,3942
N730YX,3943
N858RW,3944
N746YX,3945
N739YX,3946
N857RW,3947
N733YX,3948
N751YX,3949
N728YX,3950
N736YX,3951
N745YX,3952
N742YX,3953
N647RW,3954
N749YX,3955
N753YX,3956
N865RW,3957
N727YX,3958
N641RW,3959
N657RW,3960
N864RW,3961
N979RP,3962
N656RW,3963
N722YX,3964
N856RW,3965
N755YX,3966
N729YX,3967
N651RW,3968
N649RW,3969
N747YX,3970
N650RW,3971
N726YX,3972
N642RW,3973
N655RW,3974
N732YX,3975
N744YX,3976
N646RW,3977
N861RW,3978
N731YX,3979
N654RW,3980
N636RW,3981
N725YX,3982
N644RW,3983
N748YX,3984
N756YX,3985
N721YX,3986
N855RW,3987
N740YX,3988
N639RW,3989
N741YX,3990
N645RW,3991
N752YX,3992
N754YX,3993
N638RW,3994
N653RW,3995
N863RW,3996
N750YX,3997
N723YX,3998
N634RW,3999
N509AE,4000
N534AE,4001
N529EA,4002
N508AE,4003
N507AE,4004
N519AE,4005
N532EA,4006
N528EG,4007
N546FF,4008
N531EG,4009
N584NN,4010
N535EA,4011
N533AE,4012
N517AE,4013
N515AE,4014
N527EA,4015
N549NN,4016
N560NN,4017
N551NN,4018
N592NN,4019
N569NN,4020
N601EN,4021
N543EA,4022
N522AE,4023
N570NN,4024
N702PS,4025
N559NN,4026
N530EA,4027
N502AE,4028
N538EG,4029
N526EA,4030
N548NN,4031
N555NN,4032
N581NN,4033
N586NN,4034
N579NN,4035
N565NN,4036
N614NN,4037
N583NN,4038
N576NN,4039
N615NN,4040
N547NN,4041
N554NN,4042
N596NN,4043
N603NN,4044
N566NN,4045
N582NN,4046
N608NN,4047
N553NN,4048
N574NN,4049
N577NN,4050
N562NN,4051
N575NN,4052
N599NN,4053
N578NN,4054
N612NN,4055
N556NN,4056
N550NN,4057
N607NN,4058
N589NN,4059
N557NN,4060
N563NN,4061
N600NN,4062
N568NN,4063
N590NN,4064
N564NN,4065
N572NN,4066
N593NN,4067
N541EA,4068
N537EA,4069
N513AE,4070
N539EA,4071
N501BG,4072
N542EA,4073
N706PS,4074
N521AE,4075
N506AE,4076
N544EA,4077
N558NN,4078
N720PS,4079
N525AE,4080
N705PS,4081
N609NN,4082
N598NN,4083
N587NN,4084
N611NN,4085
N573NN,4086
N606NN,4087
N605NN,4088
N552NN,4089
N610NN,4090
N545PB,4091
N500AE,4092
N536EA,4093
N567NN,4094
N588NN,4095
N595NN,4096
N597NN,4097
N594NN,4098
N613NN,4099
N580NN,4100
N604NN,4101
N591NN,4102
N518AE,4103
N523AE,4104
N561NN,4105
N585NN,4106
N571NN,4107
N602NN,4108
N540EG,4109
N768SK,4110
N771SK,4111
N772SK,4112
N716EV,4113
N773SK,4114
N760SK,4115
N756SK,4116
N613SK,4117
N720EV,4118
N751SK,4119
N708EV,4120
N774SK,4121
N707EV,4122
N606SK,4123
N705SK,4124
N715SK,4125
N730EV,4126
N755SK,4127
N712SK,4128
N612QX,4129
N750SK,4130
N703SK,4131
N745SK,4132
N709EV,4133
N718SK,4134
N719EV,4135
N716SK,4136
N713EV,4137
N509SY,4138
N603SK,4139
N630SK,4140
N776SK,4141
N748SK,4142
N762SK,4143
N728SK,4144
N505SY,4145
N521SY,4146
N740SK,4147
N738EV,4148
N502SY,4149
N709SK,4150
N512SY,4151
N710SK,4152
N744EV,4153
N770SK,4154
N730SK,4155
N766SK,4156
N514SY,4157
N746SK,4158
N702SK,4159
N719SK,4160
N742SK,4161
N604SK,4162
N758SK,4163
N614QX,4164
N611SK,4165
N656CA,4166
N778SK,4167
N754SK,4168
N510SY,4169
N507SY,4170
N506SY,4171
N763SK,4172
N748EV,4173
N753SK,4174
N710EV,4175
N503SY,4176
N741EV,4177
N727SK,4178
N713SK,4179
N513SY,4180
N732SK,4181
N658CA,4182
N708SK,4183
N614SK,4184
N517SY,4185
N767SK,4186
N744SK,4187
N765SK,4188
N511SY,4189
N519SY,4190
N764SK,4191
N516SY,4192
N717EV,4193
N726SK,4194
N753EV,4195
N508SY,4196
N707SK,4197
N724SK,4198
N724EV,4199
N504SY,4200
N520SY,4201
N515SY,4202
N718EV,4203
N750EV,4204
N706SK,4205
N963SW,4206
N679SA,4207
N932EV,4208
N912EV,4209
N943SW,4210
N920EV,4211
N876AS,4212
N986SW,4213
N918SW,4214
N809CA,4215
N916EV,4216
N947SW,4217
N908SW,4218
N980SW,4219
N221PS,4220
N975SW,4221
N465SW,4222
N854AS,4223
N909EV,4224
N881AS,4225
N487CA,4226
N912SW,4227
N223JS,4228
N945SW,4229
N207PS,4230
N915SW,4231
N479CA,4232
N957SW,4233
N915EV,4234
N925EV,4235
N958SW,4236
N937EV,4237
N964SW,4238
N430SW,4239
N955SW,4240
N961SW,4241
N959SW,4242
N624UX,4243
N609UX,4244
N121SY,4245
N166SY,4246
N622UX,4247
N614UX,4248
N103SY,4249
N208SY,4250
N794SK,4251
N131SY,4252
N797SK,4253
N141SY,4254
N108SY,4255
N139SY,4256
N796SK,4257
N785SK,4258
N611UX,4259
N168SY,4260
N113SY,4261
N120SY,4262
N148SY,4263
N130SY,4264
N618UX,4265
N779SK,4266
N151SY,4267
N116SY,4268
N165SY,4269
N163SY,4270
N625UX,4271
N149SY,4272
N601UX,4273
N204SY,4274
N604UX,4275
N167SY,4276
N124SY,4277
N620UX,4278
N792SK,4279
N134SY,4280
N143SY,4281
N160SY,4282
N617UX,4283
N607UX,4284
N200SY,4285
N106SY,4286
N621UX,4287
N127SY,4288
N783SK,4289
N117SY,4290
N246PS,4291
N105SY,4292
N114SY,4293
N202SY,4294
N156SY,4295
N904EV,4296
N136SY,4297
N218PS,4298
N793SK,4299
N146SY,4300
N144SY,4301
N157SY,4302
N122SY,4303
N152SY,4304
N119SY,4305
N780SK,4306
N623UX,4307
N784SK,4308
N135SY,4309
N791SK,4310
N162SY,4311
N213SY,4312
N608UX,4313
N128SY,4314
N142SY,4315
N868AS,4316
N903EV,4317
N145SY,4318
N606UX,4319
N789SK,4320
N207SY,4321
N615UX,4322
N153SY,4323
N205SY,4324
N782SK,4325
N107SY,4326
N150SY,4327
N933EV,4328
N786SK,4329
N603UX,4330
N752SK,4331
N743SK,4332
N605UX,4333
N908EV,4334
N471CA,4335
N900EV,4336
N923SW,4337
N613UX,4338
N206SY,4339
N463SW,4340
N110SY,4341
N161SY,4342
N787SK,4343
N619UX,4344
N154SY,4345
N209SY,4346
N125SY,4347
N610UX,4348
N602UX,4349
N788SK,4350
N109SY,4351
N790SK,4352
N164SY,4353
N875AS,4354
N494CA,4355
N913EV,4356
N924SW,4357
N983SW,4358
N962SW,4359
N874AS,4360
N917SW,4361
N939SW,4362
N954SW,4363
N971SW,4364
N464SW,4365
N118SY,4366
N930SW,4367
N133SY,4368
N457SW,4369
N978SW,4370
N928EV,4371
N910SW,4372
N926SW,4373
N909SW,4374
N701BR,4375
N693BR,4376
N976SW,4377
N929SW,4378
N944SW,4379
N965SW,4380
N916SW,4381
N709BR,4382
N795SK,4383
N211SY,4384
N930EV,4385
N616UX,4386
N906EV,4387
N956SW,4388
N203SY,4389
N175SY,4390
N184SY,4391
N412SY,4392
N198SY,4393
N400SY,4394
N196SY,4395
N414SY,4396
N411SY,4397
N404SY,4398
N195SY,4399
N409SY,4400
N402SY,4401
N179SY,4402
N406SY,4403
N176SY,4404
N177SY,4405
N191SY,4406
N173SY,4407
N408SY,4408
N403SY,4409
N194SY,4410
N189SY,4411
N407SY,4412
N192SY,4413
N171SY,4414
N413SY,4415
N187SY,4416
N186SY,4417
N410SY,4418
N170SY,4419
N199SY,4420
N181SY,4421
N185SY,4422
N405SY,4423
N178SY,4424
N430SY,4425
N182SY,4426
N197SY,4427
N183SY,4428
N193SY,4429
N188SY,4430
N174SY,4431
N292SY,4432
N806SK,4433
N816SK,4434
N256SY,4435
N297SY,4436
N299SY,4437
N275SY,4438
N604CZ,4439
N270SY,4440
N247SY,4441
N241SY,4442
N279SY,4443
N625CA,4444
N608SK,4445
N282SY,4446
N840SK,4447
N242SY,4448
N274SY,4449
N300SY,4450
N689CA,4451
N260SY,4452
N827SK,4453
N240SY,4454
N308SY,4455
N281SY,4456
N607CZ,4457
N264SY,4458
N301SY,4459
N837SK,4460
N839SK,4461
N246SY,4462
N800SK,4463
N679CA,4464
N250SY,4465
N254SY,4466
N285SY,4467
N305SY,4468
N316SY,4469
N897SK,4470
N693CA,4471
N833SK,4472
N899SK,4473
N549CA,4474
N302SY,4475
N554CA,4476
N803SK,4477
N641CA,4478
N304SY,4479
N439SW,4480
N496CA,4481
N878AS,4482
N449SW,4483
N445SW,4484
N936EV,4485
N823SK,4486
N498CA,4487
N931EV,4488
N447SW,4489
N830SK,4490
N187PQ,4491
N259SY,4492
N288SY,4493
N311SY,4494
N313SY,4495
N293SY,4496
N273SY,4497
N261SY,4498
N834SK,4499
N315SY,4500
N271SY,4501
N290SY,4502
N836SK,4503
N319SY,4504
N692CA,4505
N243SY,4506
N294SY,4507
N170PQ,4508
N802SK,4509
N262SY,4510
N548CA,4511
N614CZ,4512
N805SK,4513
N287SY,4514
N306SY,4515
N277SY,4516
N917EV,4517
N922EV,4518
N265SY,4519
N838SK,4520
N251SY,4521
N253SY,4522
N610CZ,4523
N831SK,4524
N291SY,4525
N303SY,4526
N506CA,4527
N825SK,4528
N312SY,4529
N252SY,4530
N280SY,4531
N267SY,4532
N822SK,4533
N272SY,4534
N609SK,4535
N298SY,4536
N244SY,4537
N809SK,4538
N309SY,4539
N278SY,4540
N826SK,4541
N804SK,4542
N268SY,4543
N607SK,4544
N613CZ,4545
N320SY,4546
N263SY,4547
N296SY,4548
N926EV,4549
N441SW,4550
N886AS,4551
N921EV,4552
N307SY,4553
N295SY,4554
N286SY,4555
N712EV,4556
N161PQ,4557
N603CZ,4558
N832SK,4559
N317SY,4560
N461SW,4561
N477CA,4562
N284SY,4563
N446SW,4564
N442SW,4565
N702BR,4566
N257SY,4567
N460SW,4568
N283SY,4569
N310SY,4570
N276SY,4571
N258SY,4572
N873AS,4573
N919EV,4574
N324SY,4575
N289SY,4576
N255SY,4577
N817SK,4578
N829SK,4579
N459SW,4580
N269SY,4581
N830UA,4582
N434UA,4583
N847UA,4584
N477UA,4585
N445UA,4586
N57868,4587
N38454,4588
N67827,4589
N14230,4590
N78866,4591
N780UA,4592
N37502,4593
N493UA,4594
N438UA,4595
N37536,4596
N11206,4597
N791UA,4598
N76515,4599
N19136,4600
N27276,4601
N433UA,4602
N68453,4603
N836UA,4604
N66848,4605
N86534,4606
N75410,4607
N77530,4608
N446UA,4609
N814UA,4610
N17104,4611
N77537,4612
N488UA,4613
N26952,4614
N36472,4615
N18220,4616
N26210,4617
N66893,4618
N480UA,4619
N428UA,4620
N37531,4621
N38727,4622
N47282,4623
N68801,4624
N889UA,4625
N871UA,4626
N833UA,4627
N73259,4628
N490UA,4629
N879UA,4630
N468UA,4631
N33286,4632
N78524,4633
N23721,4634
N62892,4635
N27292,4636
N27503,4637
N13248,4638
N12221,4639
N24211,4640
N12216,4641
N27520,4642
N807UA,4643
N25201,4644
N73251,4645
N37471,4646
N68807,4647
N228UA,4648
N883UA,4649
N14001,4650
N37419,4651
N33203,4652
N420UA,4653
N66056,4654
N17126,4655
N14102,4656
N12116,4657
N30401,4658
N14249,4659
N61886,4660
N73283,4661
N413UA,4662
N17245,4663
N71411,4664
N77544,4665
N38417,4666
N68822,4667
N788UA,4668
N12006,4669
N222UA,4670
N478UA,4671
N14240,4672
N61881,4673
N76519,4674
N47505,4675
N77525,4676
N27205,4677
N37267,4678
N37474,4679
N23708,4680
N75432,4681
N76265,4682
N63820,4683
N835UA,4684
N24212,4685
N75426,4686
N853UA,4687
N78285,4688
N492UA,4689
N37257,4690
N67812,4691
N14118,4692
N418UA,4693
N39450,4694
N14107,4695
N27509,4696
N65832,4697
N872UA,4698
N75428,4699
N37409,4700
N66831,4701
N12109,4702
N47414,4703
N77543,4704
N890UA,4705
N33266,4706
N469UA,4707
N37277,4708
N817UA,4709
N66803,4710
N808UA,4711
N68842,4712
N424UA,4713
N38443,4714
N897UA,4715
N27277,4716
N73445,4717
N37523,4718
N37508,4719
N37273,4720
N63899,4721
N37420,4722
N38424,4723
N66841,4724
N35271,4725
N17262,4726
N68805,4727
N35236,4728
N810UA,4729
N14231,4730
N799UA,4731
N4888U,4732
N14106,4733
N37290,4734
N27539,4735
N76516,4736
N17753,4737
N498UA,4738
N87531,4739
N37507,4740
N39297,4741
N37510,4742
N17279,4743
N37532,4744
N37413,4745
N39475,4746
N898UA,4747
N37252,4748
N79541,4749
N27511,4750
N429UA,4751
N76269,4752
N33264,4753
N78506,4754
N68802,4755
N16703,4756
N13750,4757
N841UA,4758
N68834,4759
N69818,4760
N829UA,4761
N27267,4762
N31412,4763
N849UA,4764
N76533,4765
N16732,4766
N14735,4767
N481UA,4768
N15710,4769
N77871,4770
N895UA,4771
N17719,4772
N465UA,4773
N802UA,4774
N805UA,4775
N812UA,4776
N14219,4777
N457UA,4778
N14120,4779
N17529,4780
N225UA,4781
N69804,4782
N33294,4783
N486UA,4784
N877UA,4785
N2748U,4786
N74856,4787
N27251,4788
N68843,4789
N803UA,4790
N781UA,4791
N37534,4792
N37293,4793
N816UA,4794
N67815,4795
N491UA,4796
N17133,4797
N69824,4798
N37434,4799
N408UA,4800
N25705,4801
N444UA,4802
N27256,4803
N17254,4804
N47284,4805
N777UA,4806
N79402,4807
N414UA,4808
N76505,4809
N17233,4810
N38467,4811
N773UA,4812
N77431,4813
N452UA,4814
N884UA,4815
N495UA,4816
N76532,4817
N39418,4818
N57870,4819
N54711,4820
N12754,4821
N57852,4822
N61898,4823
N825UA,4824
N34460,4825
N41140,4826
N38403,4827
N37422,4828
N14235,4829
N37427,4830
N779UA,4831
N211UA,4832
N873UA,4833
N768UA,4834
N471UA,4835
N838UA,4836
N69806,4837
N47281,4838
N23707,4839
N489UA,4840
N34137,4841
N422UA,4842
N1902U,4843
N24224,4844
N57111,4845
N839UA,4846
N16709,4847
N482UA,4848
N824UA,4849
N411UA,4850
N67501,4851
N28912,4852
N16713,4853
N12238,4854
N843UA,4855
N79521,4856
N4901U,4857
N18223,4858
N27253,4859
N794UA,4860
N13718,4861
N66825,4862
N809UA,4863
N33209,4864
N24715,4865
N881UA,4866
N472UA,4867
N48127,4868
N487UA,4869
N63890,4870
N878UA,4871
N69847,4872
N76064,4873
N33289,4874
N62883,4875
N497UA,4876
N39416,4877
N14250,4878
N67846,4879
N73270,4880
N37525,4881
N474UA,4882
N76522,4883
N854UA,4884
N12005,4885
N37538,4886
N39461,4887
N36447,4888
N410UA,4889
N76508,4890
N78501,4891
N35204,4892
N37466,4893
N2243U,4894
N12020,4895
N26967,4896
N37545,4897
N16701,4898
N17752,4899
N821UA,4900
N772UA,4901
N851UA,4902
N18112,4903
N496UA,4904
N27258,4905
N77539,4906
N77518,4907
N818UA,4908
N464UA,4909
N72405,4910
N435UA,4911
N454UA,4912
N62884,4913
N416UA,4914
N439UA,4915
N443UA,4916
N27271,4917
N47524,4918
N75436,4919
N27255,4920
N13720,4921
N220UA,4922
N14115,4923
N17285,4924
N467UA,4925
N57862,4926
N36476,4927
N37535,4928
N37470,4929
N81449,4930
N37527,4931
N37263,4932
N798UA,4933
N37516,4934
N37255,4935
N832UA,4936
N27270,4937
N783UA,4938
N458UA,4939
N36272,4940
N834UA,4941
N2747U,4942
N76504,4943
N33284,4944
N36469,4945
N456UA,4946
N47517,4947
N27269,4948
N16234,4949
N77259,4950
N27515,4951
N27263,4952
N806UA,4953
N47533,4954
N37506,4955
N896UA,4956
N76526,4957
N75853,4958
N37528,4959
N479UA,4960
N39463,4961
N75435,4962
N77535,4963
N37518,4964
N87512,4965
N38451,4966
N69839,4967
N69840,4968
N811UA,4969
N12003,4970
N57855,4971
N36247,4972
N62889,4973
N215UA,4974
N27252,4975
N58101,4976
N466UA,4977
N26226,4978
N494UA,4979
N876UA,4980
N14228,4981
N61887,4982
N27477,4983
N813UA,4984
N35407,4985
N17272,4986
N73406,4987
N54241,4988
N12114,4989
N13716,4990
N13113,4991
N75861,4992
N69833,4993
N66828,4994
N37540,4995
N212UA,4996
N417UA,4997
N68817,4998
N432UA,4999
N76528,5000
N24202,5001
N76514,5002
N37513,5003
N38268,5004
N66897,5005
N35260,5006
N64844,5007
N15712,5008
N894UA,5009
N68891,5010
N34222,5011
N17264,5012
N77261,5013
N880UA,5014
N875UA,5015
N37408,5016
N19141,5017
N27526,5018
N14242,5019
N78008,5020
N14016,5021
N62895,5022
N776UA,5023
N28478,5024
N476UA,5025
N37465,5026
N62896,5027
N77867,5028
N27546,5029
N405UA,5030
N804UA,5031
N2250U,5032
N819UA,5033
N12218,5034
N828UA,5035
N57439,5036
N442UA,5037
N37537,5038
N850UA,5039
N37504,5040
N797UA,5041
N67134,5042
N69838,5043
N459UA,5044
N77538,5045
N69835,5046
N12225,5047
N26232,5048
N403UA,5049
N29124,5050
N69816,5051
N874UA,5052
N820UA,5053
N77542,5054
N37468,5055
N76503,5056
N38446,5057
N462UA,5058
N221UA,5059
N882UA,5060
N17122,5061
N421UA,5062
N66814,5063
N78438,5064
N69829,5065
N17730,5066
N27724,5067
N73291,5068
N27015,5069
N61882,5070
N769UA,5071
N17105,5072
N87527,5073
N77865,5074
N24702,5075
N37456,5076
N210UA,5077
N32404,5078
N77536,5079
N16217,5080
N642UA,5081
N37547,5082
N15751,5083
N19130,5084
N68452,5085
N27268,5086
N899UA,5087
N17294,5088
N2639U,5089
N69885,5090
N19117,5091
N27519,5092
N823UA,5093
N27246,5094
N69020,5095
N77296,5096
N37295,5097
N21723,5098
N76502,5099
N412UA,5100
N33262,5101
N17229,5102
N87513,5103
N27260,5104
N409UA,5105
N27733,5106
N27274,5107
N87507,5108
N77520,5109
N78448,5110
N39728,5111
N891UA,5112
N76523,5113
N14704,5114
N827UA,5115
N78509,5116
N36207,5117
N73275,5118
N660UA,5119
N33714,5120
N38459,5121
N213UA,5122
N47512,5123
N848UA,5124
N68836,5125
N2331U,5126
N27261,5127
N831UA,5128
N2341U,5129
N778UA,5130
N17265,5131
N219UA,5132
N38473,5133
N29717,5134
N77430,5135
N69819,5136
N21108,5137
N37542,5138
N33103,5139
N12004,5140
N39415,5141
N38458,5142
N69888,5143
N68821,5144
N852UA,5145
N62894,5146
N649UA,5147
N37521,5148
N68880,5149
N484UA,5150
N37462,5151
N483UA,5152
N470UA,5153
N75851,5154
N24706,5155
N28457,5156
N209UA,5157
N419UA,5158
N647UA,5159
N14731,5160
N837UA,5161
N214UA,5162
N13138,5163
N39423,5164
N37522,5165
N826UA,5166
N455UA,5167
N39726,5168
N75854,5169
N37514,5170
N68823,5171
N893UA,5172
N35953,5173
N485UA,5174
N2737U,5175
N38257,5176
N641UA,5177
N59053,5178
N24729,5179
N37541,5180
N57863,5181
N840UA,5182
N771UA,5183
N91007,5184
N475UA,5185
N846UA,5186
N77295,5187
N218UA,5188
N47293,5189
N38955,5190
N47275,5191
N216UA,5192
N17002,5193
N37464,5194
N68061,5195
N53442,5196
N73256,5197
N34455,5198
N33292,5199
N775UA,5200
N426UA,5201
N66837,5202
N27421,5203
N842UA,5204
N461UA,5205
N26970,5206
N27734,5207
N79011,5208
N67052,5209
N436UA,5210
N38950,5211
N78511,5212
N2251U,5213
N28987,5214
N45440,5215
N2332U,5216
N430UA,5217
N2645U,5218
N69826,5219
N62849,5220
N37437,5221
N75425,5222
N473UA,5223
N66808,5224
N27266,5225
N78017,5226
N16008,5227
N463UA,5228
N12010,5229
N76517,5230
N67845,5231
N77012,5232
N75429,5233
N75433,5234
N76254,5235
N2135U,5236
N78540,5237
N19986,5238
N784UA,5239
N69813,5240
N2142U,5241
N855UA,5242
N14019,5243
N648UA,5244
N224UA,5245
N437UA,5246
N654UA,5247
N57864,5248
N17128,5249
N36962,5250
N66051,5251
N27903,5252
N17017,5253
N2136U,5254
N79279,5255
N53441,5256
N69830,5257
N793UA,5258
N27273,5259
N37530,5260
N792UA,5261
N76065,5262
N24979,5263
N223UA,5264
N415UA,5265
N2749U,5266
N644UA,5267
N78005,5268
N77022,5269
N782UA,5270
N651UA,5271
N27722,5272
N24980,5273
N37018,5274
N76055,5275
N14011,5276
N36280,5277
N227UA,5278
N845UA,5279
N2138U,5280
N29907,5281
N78060,5282
N407UA,5283
N206UA,5284
N453UA,5285
N2644U,5286
N786UA,5287
N24736,5288
N26906,5289
N45956,5290
N57016,5291
N78003,5292
N29961,5293
N77510,5294
N78013,5295
N217UA,5296
N2534U,5297
N37548,5298
N76010,5299
N14237,5300
N17963,5301
N76021,5302
N12012,5303
N73299,5304
N13227,5305
N844UA,5306
N441UA,5307
N822UA,5308
N401UA,5309
N2352U,5310
N774UA,5311
N30913,5312
N29978,5313
N431UA,5314
N37253,5315
N20904,5316
N226UA,5317
N34131,5318
N78001,5319
N76288,5320
N2846U,5321
N460UA,5322
N16009,5323
N656UA,5324
N29971,5325
N26215,5326
N34282,5327
N796UA,5328
N815UA,5329
N229UA,5330
N66057,5331
N25982,5332
N440UA,5333
N68811,5334
N77019,5335
N69063,5336
N27958,5337
N27965,5338
N24972,5339
N24974,5340
N29968,5341
N404UA,5342
N12021,5343
N37298,5344
N666UA,5345
N2140U,5346
N787UA,5347
N73860,5348
N447UA,5349
N13110,5350
N26208,5351
N14214,5352
N77258,5353
N795UA,5354
N26910,5355
N13013,5356
N801UA,5357
N69810,5358
N451UA,5359
N69059,5360
N686UA,5361
N18243,5362
N26960,5363
N13954,5364
N892UA,5365
N27239,5366
N659UA,5367
N12125,5368
N26909,5369
N13018,5370
N675UA,5371
N677UA,5372
N204UA,5373
N78002,5374
N24973,5375
N45905,5376
N77006,5377
N77066,5378
N657UA,5379
N29977,5380
N29981,5381
N37281,5382
N26966,5383
N74007,5384
N27957,5385
N406UA,5386
N27901,5387
N27964,5388
N77014,5389
N785UA,5390
N29984,5391
N78009,5392
N667UA,5393
N57857,5394
N655UA,5395
N29985,5396
N672UA,5397
N23983,5398
N19951,5399
N676UA,5400
N653UA,5401
N76062,5402
N27959,5403
N73278,5404
N658UA,5405
N685UA,5406
N662UA,5407
N664UA,5408
N661UA,5409
N715UW,5410
0,5411
N508JL,5412
N896AT,5413
N530DE,5414
N953DZ,5415
N718TW,5416
N1200K,5417
N974NK,5418
N7744A,5419
N7855A,5420
N8844Q,5421
N209WN,5422
N7748A,5423
N8840Q,5424
N1803U,5425
N8774Q,5426
N8519R,5427
N640RW,5428
N140SY,5429
N946SW,5430
N138SY,5431
N856AS,5432
N970SW,5433
N323SY,5434
N29129,5435
N449UA,5436
N516AE,5437
N132SY,5438
N652BR,5439
N162PQ,5440
N322SY,5441
N914EV,5442
N37287,5443
N423UA,5444
N402UA,5445
N37274,5446
N3125J,5447
N945DZ,5448
N810NW,5449
N519DT,5450
N528DE,5451
N959DZ,5452
N689DL,5453
N950DZ,5454
N572DZ,5455
N958DZ,5456
N935DZ,5457
N609FR,5458
N220HA,5459
N633RW,5460
N776MS,5461
N605NK,5462
N1804U,5463
N8845L,5464
N405WN,5465
N564WN,5466
N8846Q,5467
N8851Q,5468
N8850Q,5469
N224WN,5470
N8843S,5471
N440YX,5472
N137HQ,5473
N859RW,5474
N924XJ,5475
N903AN,5476
N301PA,5477
N713UW,5478
N716UW,5479
N922AN,5480
N908AN,5481
N958AK,5482
N960AK,5483
N73276,5484
N37556,5485
N27287,5486
N17296,5487
N37549,5488
N57286,5489
N38479,5490
N57299,5491
N64809,5492
N37551,5493
N37278,5494
N47288,5495
N37555,5496
N57869,5497
N973NK,5498
N977NK,5499
N976NK,5500
N979NK,5501
N8848Q,5502
N8853Q,5503
N8798Q,5504
N8854Q,5505
N8847Q,5506
N8859Q,5507
N973SW,5508
N466SW,5509
N612UX,5510
N520DE,5511
N6701,5512
N322NB,5513
N314DU,5514
N956DZ,5515
N954DZ,5516
N894AT,5517
N436YX,5518
N405YX,5519
N435YX,5520
N127HQ,5521
N122HQ,5522
N437YX,5523
N757YX,5524
N8860S,5525
N8849Q,5526
N8852Q,5527
N8857Q,5528
N8855Q,5529
N961AK,5530
N3121J,5531
N198NV,5532
N905AN,5533
N469AN,5534
N655AW,5535
N467AL,5536
N468AN,5537
N910AN,5538
N810AW,5539
N809AW,5540
N310JZ,5541
N774JG,5542
N342SX,5543
N919AN,5544
N3123J,5545
N532DN,5546
N330NW,5547
N807NW,5548
N949DZ,5549
N939DZ,5550
N224NV,5551
N868RW,5552
N770JM,5553
N8841L,5554
N8858K,5555
N8797Q,5556
N8863Q,5557
N8864H,5558
N8865L,5559
N8870K,5560
N967SW,5561
N905EV,5562
N929EV,5563
N27213,5564
N37553,5565
N17302,5566
N425UA,5567
N76529,5568
N37554,5569
N912XJ,5570
N318TD,5571
N928AN,5572
N308TB,5573
N964AK,5574
N962AK,5575
N4062J,5576
N962DZ,5577
N523DE,5578
N529DT,5579
N947DZ,5580
N534DT,5581
N551NW,5582
N895AT,5583
N948DZ,5584
N891AT,5585
N957DZ,5586
N531DA,5587
N931DQ,5588
N620FR,5589
N616FR,5590
N611FR,5591
N612FR,5592
N196NV,5593
N874RW,5594
N702NK,5595
N980NK,5596
N978NK,5597
N520DC,5598
N504AE,5599
N510AE,5600
N501SY,5601
N982SW,5602
N870DC,5603
N824SK,5604
N960SW,5605
N27304,5606
N47291,5607
N67058,5608
N27290,5609
N448UA,5610
N17303,5611
N47280,5612
N75858,5613
N18119,5614
N36444,5615
N8877Q,5616
N8882Q,5617
N8867Q,5618
N8861Q,5619
N8871Q,5620
N758YX,5621
N762YX,5622
N760YX,5623
N761YX,5624
N328TC,5625
N320TF,5626
N914AN,5627
N343SY,5628
N966AK,5629
N982AK,5630
N968AK,5631
N963AK,5632
N983AK,5633
N536DN,5634
N524DE,5635
N6703D,5636
N946DZ,5637
N535DN,5638
N899AT,5639
N992AT,5640
N960DZ,5641
N316DU,5642
N680DA,5643
N942DZ,5644
N610FR,5645
N613FR,5646
N622FR,5647
N606FR,5648
N769KW,5649
N778RH,5650
N809MD,5651
N982NK,5652
N981NK,5653
N703NK,5654
N8868L,5655
N8862Q,5656
N8884Q,5657
N8872Q,5658
N8869L,5659
N8881L,5660
N8856S,5661
N8873S,5662
N8879Q,5663
N8880G,5664
N8875B,5665
N8891Q,5666
N763YX,5667
N514AE,5668
N512AE,5669
N969SW,5670
N699BR,5671
N37313,5672
N17300,5673
N17557,5674
N17316,5675
N17312,5676
N56859,5677
N17289,5678
N27283,5679
N37305,5680
N17566,5681
N17310,5682
N37560,5683
N41135,5684
N427UA,5685
N77559,5686
N17564,5687
N17565,5688
N307TA,5689
N527DE,5690
N955DZ,5691
N603AT,5692
N317DU,5693
N621FR,5694
N873RW,5695
N772MR,5696
N617NN,5697
N77558,5698
N17314,5699
N47569,5700
N17244,5701
N8883Q,5702
N8892S,5703
N8876Q,5704
N8866H,5705
N8887Q,5706
N8886C,5707
N8890Q,5708
N797MX,5709
N8874Q,5710
N330TJ,5711
N322TH,5712
N319TE,5713
N909AN,5714
N321TG,5715
N926AN,5716
N985AK,5717
N984AK,5718
N3132J,5719
N538DN,5720
N537DT,5721
N542DE,5722
N541DE,5723
N318DU,5724
N539DN,5725
N525DA,5726
N943DZ,5727
N614FR,5728
N619FR,5729
N706NK,5730
N984NK,5731
N904NK,5732
N983NK,5733
N505AE,5734
N524AE,5735
N503AE,5736
N511AE,5737
N37563,5738
N17301,5739
N37307,5740
N17306,5741
N37561,5742
N77573,5743
N8878L,5744
N8902Q,5745
N8898L,5746
N913AN,5747
N331TK,5748
N936DZ,5749
N306DD,5750
N783LC,5751
N709NK,5752
N710NK,5753
N618NN,5754
N616NN,5755
N33132,5756
N17550,5757
N17317,5758
N37577,5759
N712NK,5760
N429WN,5761
N8899H,5762
N967AK,5763
N990AK,5764
N969AK,5765
N947AK,5766
N4022J,5767
N319DU,5768
N637RW,5769
N8917Q,5770
N17333,5771
N77571,5772
N37318,5773
N17309,5774
N8903H,5775
N632SK,5776
N953SW,5777
N37319,5778
N27323,5779
N892AT,5780
N937DZ,5781
N624FR,5782
N197NV,5783
N771JV,5784
N311VE,5785
N985NK,5786
N705NK,5787
N8909L,5788
N8912Q,5789
N8904L,5790
N8906K,5791
N8893L,5792
N8896L,5793
N8885Q,5794
N8920Q,5795
N8888M,5796
N8914Q,5797
N8911Q,5798
N8901Q,5799
N8908Q,5800
N8889Q,5801
N766YX,5802
N764YX,5803
N903AK,5804
N706AL,5805
N708AL,5806
N704AL,5807
N3138J,5808
N3149J,5809
